2711;
1910;1912;1952;3960;4028;4039;
719;933;933;969;972;973;974;2492;2492;2492;2520;3293;3293;3295;3296;3296;3296;3296;3298;3299;3299;3301;3312;3945;3946;3947;3982;3984;3996;
;
;
2472;
3407;5155;5155;
1099;1107;
1344;
988;1547;2420;2432;
2715;3112;3112;4840;4841;5247;5248;
2554;2633;2644;2685;2685;3066;
4904;5176;5351;5352;5352;5352;5369;5633;
;
1051;5364;5364;5365;5366;5458;5459;5459;5459;5607;
;
1697;2071;2090;
;
;
19;19;40;41;44;45;55;
924;1742;1768;
4938;4939;5145;
4062;4158;4222;
267;660;664;721;721;2864;3468;3561;
3010;4961;4962;
377;377;967;967;967;968;968;1136;1204;1366;2116;2449;3124;3855;3856;
811;812;812;812;812;812;832;878;901;2406;2406;2449;2463;2519;
;
2929;2931;3202;
;
918;941;941;941;942;942;944;4940;5047;5490;
4596;4597;4597;4597;4602;
3176;3176;3189;5098;5098;5101;5242;5254;5255;5427;5428;
953;954;954;1361;1898;1920;1961;1961;1962;1981;2777;2778;2778;4644;4644;4646;4646;5086;5087;5088;5088;5088;5088;5088;5154;5155;5156;5156;5157;5158;5158;5159;5159;
1767;1984;1985;2027;2446;2706;2712;
1222;
19;19;3193;3218;4122;4124;4124;
1485;1510;1511;1947;1948;1949;2029;2273;2274;2324;2455;2509;2580;3169;3169;3170;4420;4422;4523;
710;711;712;1139;1147;1147;1147;1147;1225;1231;1317;1318;2306;2309;2662;3886;3887;3890;4127;4147;4148;4148;4148;4149;4496;4497;
4893;4894;4894;4905;4933;
353;353;1816;1955;1956;1957;1957;1958;1967;2364;2455;2456;2918;2921;2922;2923;2923;2923;2923;2923;2923;2933;2934;2935;2935;2970;3111;3342;3372;3888;3951;3953;3981;3981;3999;4001;4619;4620;4621;4623;4623;4623;4623;5406;5407;5408;5409;5409;5576;5577;
3202;3203;3395;3395;3397;3397;3401;3404;3404;3408;3409;3410;3411;3548;3927;3928;3960;4203;4398;4398;4398;4398;4428;
1869;1947;2738;2760;2760;2795;3440;3680;3680;3681;3694;
39;53;1148;1149;1253;1276;1277;1282;1283;
90;95;1845;3299;3521;3521;5490;5571;
59;59;187;187;849;1208;1209;1324;1325;4602;4709;4785;4796;4834;4834;5008;5009;5010;5011;5440;5482;
457;500;505;506;506;511;4700;
375;376;517;517;960;960;962;1249;1269;1271;4594;4990;4991;
571;1338;1338;2260;2322;2452;2821;2822;4421;4422;4423;4424;4430;
759;1154;
2448;2851;2858;2859;2860;2861;2931;2932;2932;2932;2932;3240;3240;3240;3278;3278;3278;3278;3280;3281;3281;3281;3281;3281;3281;3404;3411;4008;4008;4124;4174;4900;4905;4906;4906;4906;5124;
2368;
536;646;646;724;737;847;876;877;979;3555;3556;3557;3557;3557;3557;3557;3560;3583;3648;4935;4949;4986;4986;4986;4986;4987;4988;4988;4989;4990;4990;4991;4992;4993;4994;4994;4996;5071;
;
4880;5183;
208;209;424;425;1748;1752;
3053;3114;3115;3117;
;
182;182;182;511;511;511;511;511;951;969;1464;1465;
4060;4759;4760;4767;4767;
65;67;67;69;71;72;73;2799;2799;
5402;
;
;
;
;
;
;
;
;
;
;
;
;
;
;
;
;
;
;
;
;
;
;
;
;
;
;
;
;
;
;
;
;
;
;
;
;
;
;
;
;
;
;
;
;
;
;
;
;
;
;
;
;
;
;
;
;
;
;
;
;
;
;
;
;
;
;
2744;2772;3033;4138;4139;
;
1164;1891;2289;2290;2305;2744;2746;2748;2748;2749;2749;2750;2782;2784;3207;3214;3215;3244;4214;4214;4214;4216;4693;
1372;1373;1586;1587;1589;1589;1589;4686;4812;4821;4822;4834;4836;4836;4836;4836;4836;4840;
2776;2777;2777;2777;2778;4744;4751;
;
;
3940;4049;4934;5108;
945;947;947;948;948;948;949;950;950;5400;5423;5433;
4154;5157;
381;
;
5246;
374;412;5403;5572;5572;5635;
2354;2499;3266;
258;
2426;2475;5310;5328;
;
1503;
2467;
569;2893;2894;3507;4953;5008;5049;
;
1941;2022;2815;3531;3532;5332;5333;
5281;
;
1601;3112;3497;3500;
2406;2483;2689;
918;919;1017;2691;2692;2692;3478;3756;3775;4544;5057;5058;
;
1843;2100;2101;2236;2236;2236;2237;2287;2765;
3695;3698;4240;4241;4241;
13;127;
1667;1667;1733;1734;1917;1976;1977;1987;1988;2137;2160;2161;2168;3618;3640;3664;
;
1822;1827;1828;1990;2046;2063;2091;2122;2123;2123;2129;2396;2458;2459;2602;2603;2727;2727;2739;2797;4546;4546;4630;4631;4838;4838;
1757;1769;4943;5217;5218;5218;5222;
727;727;2461;2463;2463;2464;2978;
55;94;237;397;
1545;2438;2440;2753;2753;2798;2812;2813;3478;3549;4091;4489;4489;4490;4490;4496;
768;3907;4591;4592;5217;5218;5219;5220;
2254;2309;2310;2311;2312;
653;659;683;716;1061;1061;1062;1072;1114;1990;1990;1992;2541;2542;2580;2581;2582;4850;5123;5123;5204;5204;5205;5206;5206;5206;5218;
3955;3956;3957;3958;3967;3968;3978;
82;83;707;708;809;984;1028;2499;2499;
1547;1548;1548;1674;2151;2403;2403;2404;2415;2415;2417;2417;2417;2418;2420;2584;2952;2972;3015;3086;3112;3364;3489;
88;89;98;99;107;107;155;283;283;284;284;285;286;1043;1044;1045;1045;1045;1045;1046;3295;3321;3359;3794;3970;3971;3972;3972;3972;3972;3972;3972;3973;3985;
1109;1156;1506;1507;1507;1591;1591;1593;1975;1976;2057;
1825;
277;1106;1106;1500;1501;1502;1502;1502;1536;2153;2155;2155;2156;4834;4857;4858;4859;4860;4909;5081;
10;11;12;12;12;15;15;16;17;18;854;855;3449;4034;4035;4903;4904;4904;4904;4904;4904;
502;514;546;1468;1514;1514;1515;1534;1845;1979;2466;2576;2606;5425;5521;5522;
11;3534;3535;4622;4623;4663;4664;
;
1920;1921;1925;1926;1931;3848;3867;3900;5198;5199;5200;
1114;1114;1114;1120;3914;4028;4105;4106;4119;
;
;
1308;1308;1308;1349;4414;5572;5573;5574;5574;5574;5574;5575;5582;
551;552;574;575;611;745;3310;3312;
;
3555;3628;3628;
1373;1717;
4605;
2132;2134;
;
;
;
;
;
;
;
;
;
;
;
;
;
;
;
;
;
;
;
;
;
;
;
;
;
;
;
;
;
;
;
;
;
;
;
;
;
;
;
;
;
;
;
;
;
;
;
;
;
;
;
;
;
;
;
;
;
;
;
;
;
;
;
;
;
;
4492;
3724;
50;50;
2302;2323;2567;2651;2659;
1405;2425;2426;2427;2428;2432;4921;
;
;
699;700;977;1452;1528;2696;2706;4465;
258;4008;
3535;
;
2656;2659;2659;2701;4791;4823;4887;
2998;
2822;3144;3681;3695;
;
2452;2453;2453;
;
2369;2617;
2102;2524;2645;3384;3390;5536;
2716;
132;326;
283;396;863;1029;1260;4234;4956;4958;
658;659;
879;880;880;883;1903;1972;1973;1974;1975;2369;2756;
;
25;31;41;214;215;245;792;803;807;5134;
;
2334;5137;5339;5340;5341;5341;
2031;2064;4127;4127;4129;4129;4129;
605;606;624;
909;910;911;
226;226;227;228;229;603;603;607;2438;2441;2441;2442;2676;2684;2684;2685;2686;2688;2688;2688;3559;4418;4419;
4918;4918;4919;5369;5369;5369;5371;
608;609;658;659;1021;1022;1574;1574;1576;1576;1612;1613;1614;1675;1679;1680;1680;1681;1681;1682;1683;1684;1685;1685;1690;1691;1854;1855;1904;1973;
850;
917;951;952;954;982;982;982;982;1266;1282;2650;2665;2695;4770;4881;5117;5567;5567;
2439;2440;2441;2646;2697;2702;2703;2703;2703;2704;2770;2780;2966;2971;
2796;2797;2797;2797;2797;2919;3094;3095;3096;3097;3531;3734;3741;4175;4176;4177;4177;4177;4179;4179;4179;4179;4179;4394;4395;4415;4415;4415;4415;5018;5412;5428;
1017;1206;1305;1306;1306;1309;1392;1395;1401;1421;3050;3055;4770;4770;4771;
1332;1333;1334;1335;2600;2601;2624;2625;2625;2697;2697;2859;2859;2859;3058;3064;
82;83;238;248;261;279;301;449;451;522;522;1708;1709;1910;1946;1947;1948;2076;2076;2077;2125;2572;2578;4839;4905;4905;4906;4906;4906;4906;4906;4906;4907;4908;4980;4981;4982;4982;4982;4983;4988;
750;751;766;767;1173;1198;
481;484;661;662;2163;2164;2165;2168;4109;4111;4111;4612;4947;5070;
1238;1239;
631;770;783;1045;1093;1103;
;
623;2321;2321;2321;2323;4117;
2054;2055;2950;3463;3464;
3124;
651;870;871;872;2038;2062;2365;2366;2367;2368;2368;2369;2374;
3914;3983;4759;5066;5066;5196;
;
;
782;789;797;797;798;798;800;4213;4238;4267;4372;4372;4372;
;
;
926;942;943;943;943;943;943;975;2428;2521;2522;2522;2522;2522;2522;2522;2537;2538;2539;2540;
674;678;843;844;845;846;846;922;923;1259;1509;1510;1511;1533;4034;4073;4073;4685;4687;5034;5035;5203;5203;5203;5288;
169;192;206;
;
;
0;187;474;481;
;
;
;
;
;
;
;
;
;
;
;
;
;
;
;
;
;
;
;
;
;
;
;
;
;
;
;
;
;
;
;
;
;
;
;
;
;
;
;
;
;
;
;
;
;
;
;
;
;
;
;
;
;
;
;
;
;
;
;
;
;
;
;
;
;
4459;
2272;2308;2308;2771;2772;2773;2787;5126;5575;
;
801;809;
2415;2499;2547;5519;5592;5616;
1985;2025;2218;5454;5454;
;
;
;
;
2871;
2444;3510;
2414;2706;2707;3525;3525;3924;3940;5562;
;
;
843;1001;1002;3530;3662;3688;
1962;2757;2758;3126;3126;3126;3154;4375;4424;4424;4424;4465;4623;4623;4718;
299;
754;755;755;928;1412;1614;2252;2253;2551;2551;2553;2553;2553;2553;2553;2553;2553;
;
;
178;789;4312;5585;
3161;3615;3713;
;
;
2267;2276;2276;2276;2547;2639;2652;2653;2703;2704;2977;2977;2978;3072;4942;5107;5109;
266;661;663;
2570;2832;3578;4040;4041;4065;4095;
800;1400;1400;1926;1943;2008;
;
770;2305;2813;2814;2815;3156;3157;3251;3499;3551;4804;
3813;
870;
2657;2658;3386;3386;3745;3752;4822;4824;4825;4826;5607;5608;5609;
433;434;455;869;869;870;871;5125;5141;5142;5146;
623;624;668;669;670;670;670;670;678;679;680;3044;3044;3048;
1043;1044;1096;1340;1341;1342;1343;1344;1345;1605;1606;1699;1700;1777;1801;2477;2479;4377;4379;5577;5596;5597;5597;5598;5624;5625;5626;5627;
;
774;775;
2797;2820;2820;2837;3032;4839;4840;4891;4892;4892;4893;
;
58;912;912;948;
645;668;1061;1063;1063;1063;1712;1767;1968;1969;1969;2032;2033;2704;2706;4994;4995;4995;
2532;2851;2851;3308;4319;4320;4825;5187;5187;
4436;
4041;4042;4043;
;
;
;
;
;
3700;3810;4438;
;
3341;3437;3438;4398;4904;4905;4972;4972;4972;4995;4995;4995;4995;5010;5101;5103;5233;5240;5241;5241;5241;5243;5245;5245;5245;5245;5245;5246;5248;5248;5248;5248;5248;5248;5262;
;
2789;2791;2791;2791;2791;2791;2791;2822;3046;3215;3217;
5314;
49;51;75;591;593;696;
14;419;419;419;1031;1037;1038;1038;
3157;3174;3175;3180;3180;3345;3345;5213;
552;553;553;553;1112;1169;1170;
1772;2037;2037;2050;
;
;
;
;
;
;
;
;
;
;
;
;
;
;
;
;
;
;
;
;
;
;
;
;
;
;
;
;
;
;
;
;
;
;
;
;
;
;
;
;
;
;
;
;
;
;
;
;
;
;
;
;
;
;
;
;
;
;
;
;
;
;
;
;
;
959;1071;3519;3589;3689;4119;4142;5344;
4025;4460;
820;892;892;968;968;974;974;1096;1096;1096;
1198;1199;1199;1641;1832;2078;
;
;
292;332;819;
3785;
252;354;373;380;
;
55;160;
;
;
86;159;159;160;3495;4555;4556;
3003;3993;
3666;4363;4365;
;
;
;
1653;1675;1676;1723;1724;1726;2276;2732;2732;2733;2734;
;
3863;5009;5116;
5536;
184;1198;1198;1199;
4556;4622;4622;4759;4780;
2950;3907;3913;4683;
3052;3581;3581;3623;3624;3954;3957;4267;4268;4472;4522;4527;
52;72;473;1175;1748;1749;1749;1749;1879;1880;1936;5374;5416;5442;
5257;5446;5584;5589;
;
;
649;895;913;
228;2800;2800;2801;
337;338;338;339;4919;
5524;5576;5589;
4191;4809;4957;
210;258;268;903;1113;1117;1117;1132;2219;2234;2466;2479;2480;2482;2902;5297;
450;3785;3786;4089;4096;4096;4097;4098;4128;
3752;3776;4003;4004;4229;4268;4269;4270;4320;4321;4322;4322;4322;4322;4324;4430;4430;4430;4430;4436;4437;4438;4439;4439;4439;4445;4446;4446;4454;4553;4554;4555;4555;4555;4555;4558;4558;4558;4558;4558;4558;4560;4760;4797;4798;4799;4799;4800;4800;4801;4802;4831;4832;4833;4833;4839;4847;
68;321;575;2049;2049;
462;508;508;611;612;670;722;788;803;1656;1657;4399;4925;4925;5047;
794;795;796;822;4438;4440;4523;4564;4792;
221;237;831;832;915;2140;2141;2142;2181;2838;2908;2909;2933;3806;3956;3956;4057;4123;
;
129;329;454;455;
6;83;795;815;3772;3775;4113;
4175;4176;
4557;4740;4761;5543;
2799;4850;4857;4858;4859;4859;4859;4859;5166;5168;5169;
15;15;43;43;57;57;918;918;921;1027;1355;2602;2932;2932;3381;
521;522;523;523;523;528;1163;5162;
2337;2338;
2923;2924;4333;4679;5436;5514;
;
263;263;492;505;507;508;
2668;2675;2676;2684;2697;2698;2699;2701;2720;2739;2754;2959;2961;3002;3002;3002;3003;3005;3005;4789;4790;4791;5144;5145;5146;5146;5146;5615;
39;40;123;169;5227;5231;5260;
;
;
1754;1988;1988;1990;4113;4116;4117;4126;4205;4743;5579;5579;5603;
1475;1503;1503;1504;1799;1800;1801;2351;2351;2351;2351;2351;3693;3697;
4074;4075;4266;4267;4268;4268;
3794;
3084;
;
;
;
;
;
;
;
;
;
;
;
;
;
;
;
;
;
;
;
;
;
;
;
;
;
;
;
;
;
;
;
;
;
;
;
;
;
;
;
;
;
;
;
;
;
;
;
;
;
;
;
;
;
;
;
;
;
;
;
;
;
;
;
;
3732;4122;5424;
3543;3773;3866;5289;5290;5290;5290;5290;5290;5290;5290;5311;5344;5345;5352;5352;5352;5353;5404;
5129;5131;5131;5136;
700;704;
2333;
77;163;164;
1434;1434;4728;
;
613;1003;1003;1017;
;
;
4211;4413;4414;4495;4880;5083;
788;822;847;
2880;3160;
;
2778;3081;3082;3125;3126;3478;3517;
;
933;4071;4375;4414;
642;963;970;
;
;
833;887;888;
;
;
715;771;772;
5564;
2464;2770;2800;3930;3954;
;
931;932;932;932;932;932;932;2802;2899;5533;
;
20;20;21;21;22;23;24;25;178;179;179;183;402;935;935;936;940;
282;283;2462;3219;3325;4804;4843;4843;4844;4844;
366;434;698;699;700;700;703;703;781;1064;1065;1066;1185;1193;1320;2462;2463;5125;5231;5500;5507;5507;5508;5509;5575;
2393;2394;2399;
942;1080;1081;1383;1399;5334;5335;
;
406;419;435;436;436;513;723;723;803;803;804;807;1293;1312;1313;1313;1314;1315;1315;1316;1317;1356;1683;1684;1684;1685;1685;3157;3158;3159;3159;3160;3370;3371;3372;3631;3632;3769;3770;4124;4127;4128;4136;5227;5233;5234;5235;5236;5236;5241;
;
71;227;1510;1510;1511;1512;1512;1512;1512;2110;2116;2141;2142;2443;2444;2608;2701;3380;3380;4309;4310;4891;4892;5226;5226;5263;5264;5273;
1894;1900;1903;2106;2107;2107;2108;2215;2215;2257;
512;512;513;921;922;922;3171;3923;3929;4743;4748;
563;578;578;590;607;3746;3748;3751;3765;3916;4728;4728;5451;5452;5453;5453;5453;5453;5453;
;
625;976;976;977;978;994;1071;1188;1217;1217;1218;1227;5564;5607;
975;975;1848;2256;2468;2626;2835;
268;269;
;
814;996;997;
;
225;226;227;238;672;678;3570;
7;8;356;359;632;633;634;1297;1307;1411;1443;1845;1845;1846;1847;1848;1848;1850;1850;1850;2485;2879;2990;2990;3521;3521;3823;3860;4145;4160;
40;
467;468;
358;546;547;547;547;821;900;901;1309;2236;2626;2870;2870;2870;2871;
813;815;816;816;818;1278;2327;2346;
2099;2100;2100;2100;2100;2100;2378;2387;
;
110;300;390;546;546;558;819;1758;2071;2072;2893;4845;4846;4917;4918;4919;4919;5163;5168;5232;5233;5234;5235;5240;
;
805;808;809;810;810;2427;2457;2460;
;
1490;1857;1864;2317;2356;2356;2508;4224;4269;
6;9;
37;703;703;3052;
;
;
;
;
;
;
;
;
;
;
;
;
;
;
;
;
;
;
;
;
;
;
;
;
;
;
;
;
;
;
;
;
;
;
;
;
;
;
;
;
;
;
;
;
;
;
;
;
;
;
;
;
;
;
;
;
;
;
;
;
;
;
;
;
2528;3636;3639;
1644;1713;2588;2672;
834;989;1564;
;
49;1605;1606;1607;1610;4047;4274;4274;
732;859;899;
2787;2795;2795;2799;4325;4335;4335;4335;4335;4335;4336;4336;4336;4346;5386;5418;5419;
;
4474;4711;4714;
4425;4453;4512;5517;5632;
99;413;413;413;413;414;416;416;416;416;416;2986;2987;2987;2987;2988;
231;3492;3597;3597;4232;4233;4234;4408;4413;4414;4433;
1377;4479;
3686;4011;4070;
3644;4002;4743;
487;656;656;721;722;2967;2978;
1560;
1626;2638;2639;2657;
;
4631;4632;4633;
;
4083;4210;4214;
3970;3986;
2028;2304;2305;2307;3062;3876;3876;
679;1833;1835;1835;4145;4146;4155;4389;5025;5217;5356;5368;
4319;
968;3640;3687;3718;
498;536;923;1741;2450;2473;2473;2473;4230;4697;4697;4758;
1008;1140;1140;1173;4754;
1931;2417;2417;3914;3915;3944;4152;
341;364;372;941;943;943;943;943;2053;2073;2073;2406;2657;2660;3419;3419;3428;
263;
18;128;129;278;281;
891;2161;2169;2234;2309;2310;2364;2365;2435;2469;2475;2476;2476;2481;3400;3400;3401;
581;581;581;587;588;712;851;5274;5274;5275;
1009;2762;3271;3459;3461;3461;3462;3463;3463;3464;3617;3762;3763;3763;4841;4842;4897;4954;4955;
1009;1169;1762;3254;3302;3485;3486;3486;5121;5122;5552;
;
684;685;686;689;730;1581;1588;2729;3059;3059;4653;4654;4678;4680;4680;4680;4680;4716;4736;4777;4787;
273;273;482;487;3905;3906;3907;4092;4093;4263;4440;4469;
;
965;1028;1028;1304;1348;
;
903;2118;3430;5153;
;
97;100;1418;1626;1637;
228;275;276;288;309;310;310;314;863;864;866;1753;1791;1791;1791;1791;1791;1823;1824;1919;1920;
554;567;1153;1168;1342;
;
4;5;57;319;521;3524;3529;3553;
521;567;568;568;1359;
103;110;232;
3754;
49;50;68;239;671;673;674;675;675;675;675;675;677;677;678;728;729;729;730;731;732;733;734;870;892;892;894;965;1045;1421;1421;2347;2353;2979;2981;2991;4720;4723;
773;773;775;776;776;777;777;778;3225;3226;3228;3228;3228;3228;3317;3324;4184;4651;4708;4728;4986;4986;
242;242;272;273;273;273;288;790;790;791;792;793;800;
185;187;187;189;356;618;619;825;
39;61;
114;118;637;1174;1180;2117;2118;
807;808;862;946;973;974;974;975;
459;499;833;833;834;1013;1013;1014;1016;1279;1306;1407;1408;1409;1751;1842;2921;2921;
138;408;
5;6;16;2469;2646;3583;
197;197;222;
;
;
;
;
;
;
;
;
;
;
;
;
;
;
;
;
;
;
;
;
;
;
;
;
;
;
;
;
;
;
;
;
;
;
;
;
;
;
;
;
;
;
;
;
;
;
;
;
;
;
;
;
;
;
;
;
;
;
;
;
;
;
;
;
973;1239;1267;1499;2211;2213;2637;2662;5600;
1629;
4313;4402;4500;4624;4625;4626;4626;
;
;
1587;5334;5334;
;
1529;3714;3717;3743;4454;
2627;4793;5583;
;
;
71;2076;2089;2374;3020;3024;3432;
4261;4362;4365;
1132;5077;
1748;
4460;4719;4728;4838;
3932;3933;3934;4090;4315;4316;4316;4316;4317;4317;4317;4317;4317;
;
522;523;764;768;769;770;772;1710;1961;2462;3059;3059;3107;4173;
2390;4719;4737;
3518;
236;236;
5353;
1360;4520;5494;
1721;1721;1721;1825;2038;2073;2168;2168;2174;2203;2949;2951;
709;3231;3271;3483;5041;5046;
302;303;303;1205;1206;1207;3908;
;
360;658;660;661;677;1496;1507;
3190;3191;3198;
282;925;
3013;3118;3374;3374;3410;3440;3440;
;
2432;2433;2434;2435;2435;2438;2439;2459;2460;2460;3452;3452;3490;3491;3492;3492;3493;3493;3717;3718;3729;4084;4087;
77;77;498;501;2071;2071;2080;2081;2081;
5124;5189;5190;5405;5473;
190;215;261;262;262;263;264;4893;4947;4947;
;
5595;
23;3642;3666;4320;
639;678;679;680;688;688;
17;18;64;64;198;198;214;250;302;303;303;904;1120;1530;1531;1641;1642;1734;1774;3094;3096;3096;3097;3102;3717;3718;
1047;1234;1234;1235;1241;1531;1532;1533;1539;4393;
1213;1214;1215;
4218;4395;4444;4445;4473;4480;4648;4649;4649;4649;4650;
;
1657;2104;2433;2446;3384;3439;4182;4570;4604;
841;843;
88;89;89;90;1347;1348;1348;1348;1348;1398;1626;1626;1633;2757;2848;2857;5507;5509;5510;
1199;1739;1800;
1147;1148;
2838;2839;2839;3479;4201;
615;617;617;626;626;736;736;876;877;
;
88;88;365;369;
5269;5354;5354;
1167;1168;1168;1168;1168;1170;1171;1172;1172;1172;1172;1172;1173;1175;1175;1175;1176;1185;1189;2485;2530;2531;3217;3218;3459;3464;
;
819;829;1464;1464;1465;1466;1466;1531;1548;1581;1815;1816;1817;1818;1818;1818;1836;1838;3187;3249;3458;3742;3742;3878;3879;3879;3887;3888;3888;3888;3888;3888;3889;3941;4315;4420;4420;4535;4552;4709;4709;4709;4709;4709;4709;4709;
463;463;2110;2122;4020;
14;14;1125;1126;
;
112;113;249;298;1437;1438;1472;1472;
;
;
;
;
;
;
;
;
;
;
;
;
;
;
;
;
;
;
;
;
;
;
;
;
;
;
;
;
;
;
;
;
;
;
;
;
;
;
;
;
;
;
;
;
;
;
;
;
;
;
;
;
;
;
;
;
;
;
;
;
;
;
;
;
;
2877;
2256;2257;4741;4767;4784;4784;4785;4785;4786;4787;4932;4933;4933;4934;4996;4997;5015;5018;
;
;
1752;2181;4047;4047;
18;
1405;1435;3644;3658;3725;
;
2461;2573;2574;2575;2665;2897;2907;2907;5538;5538;5539;5543;5565;
3984;4861;4871;5158;5159;5159;5159;5323;
3766;3909;3910;4221;4284;4437;4472;
210;
;
1698;1698;4763;
3735;4378;5195;5402;5459;5459;
4960;4964;5053;5636;
;
249;383;653;2571;2571;2575;2647;4008;4009;4411;4413;4647;
5142;5143;5174;
;
3585;4084;
107;108;3405;3406;
4096;
670;795;795;795;
1172;1172;1173;1174;1943;1949;3892;3929;3929;
;
;
4776;5123;5123;5378;5378;5393;
5492;5584;
1365;1371;1649;2902;2903;4497;4502;
1694;1709;2436;2800;2801;2812;2812;2878;
193;260;263;1052;3153;3154;3155;3156;3442;3443;3576;3589;
146;4620;4625;4653;
302;303;303;303;304;305;885;974;975;3705;3705;3814;3848;4082;4083;
1080;1108;
2430;2553;2686;2733;
1270;1309;1630;2330;2333;2344;
2232;
224;242;495;507;558;647;665;684;1344;1370;2729;2729;3432;3435;3435;4086;4087;4496;4497;4497;4503;
1548;2885;2886;3093;3300;3300;3331;4685;4817;
;
4652;4653;4653;4947;4955;
502;
94;95;99;99;198;
327;328;1290;1291;1291;1293;1293;1293;1293;1293;1300;2555;2563;2569;
5626;
513;
451;
278;349;349;351;1388;1389;1389;1389;4285;4725;4725;4725;
557;586;
101;390;420;1184;1856;2083;
47;48;49;50;50;51;1331;
44;44;128;192;216;733;1984;1985;2003;5277;5278;
8;11;3542;3543;3545;3546;3642;3642;3652;3737;3739;3739;3871;
265;268;1698;1699;1715;4908;
;
;
195;195;267;
596;605;
40;40;48;4361;4366;
5141;5269;
519;520;525;526;529;530;550;550;552;552;552;553;554;
234;235;
1075;1076;
;
;
;
;
;
;
;
;
;
;
;
;
;
;
;
;
;
;
;
;
;
;
;
;
;
;
;
;
;
;
;
;
;
;
;
;
;
;
;
;
;
;
;
;
;
;
;
;
;
;
;
;
;
;
;
;
;
;
;
;
;
;
;
;
265;267;
;
;
4892;4893;4911;
2674;2678;2678;5007;5236;5258;5279;
4520;4532;4532;
5423;
3815;
;
5390;
5344;5413;
4742;
4409;4856;5405;
3813;4457;4555;4556;4557;4620;
5067;
;
786;842;944;
;
1933;1934;1934;1961;1999;2955;2961;
3494;3495;3501;
2895;
887;4804;5045;5162;5178;
2355;
3510;3617;4094;4305;5393;5394;5404;
;
114;114;3100;3314;3345;3804;3934;
4414;4720;
;
1507;1508;1508;1528;1664;2228;3543;
;
941;941;942;942;942;943;992;2328;3201;3202;3202;4492;4506;4558;5502;
;
;
1528;1567;1568;
1498;2459;2552;2606;2673;2674;2712;2712;
730;731;2528;2570;2630;4230;4231;4239;4241;4246;4247;4248;4824;4825;4955;5509;5510;5510;5511;5512;5531;5583;
3605;3729;3730;
1096;1575;1946;2623;2623;
3580;3949;3950;
779;780;780;780;1032;1033;
874;922;923;1424;1465;3027;3028;3028;3062;3171;3172;3172;3269;3270;3339;3344;4441;5245;5246;
352;671;672;726;727;783;783;797;1146;1640;1640;2033;2034;
1309;
258;266;266;697;732;732;733;734;734;764;764;765;906;1169;1178;1321;1653;1737;1788;2147;2149;2150;2178;2682;2856;2857;3768;3769;4045;4344;4673;4673;4674;4835;4895;
552;830;857;881;894;894;895;895;896;899;3028;3271;3272;3806;3907;4911;4912;4913;5604;5609;5636;
1056;1913;1934;3773;4832;4833;
746;747;747;747;747;747;854;864;1238;1576;1578;1739;1739;1755;2531;2549;3572;4913;5589;
553;554;554;554;554;1368;1679;
1008;1011;1195;1213;1282;1450;1500;1501;1502;1502;1502;1657;1670;1905;3654;3932;3933;4090;5281;
513;640;641;641;641;642;643;643;
282;522;523;582;583;645;646;648;649;650;721;728;1284;1285;1382;1757;1757;3730;4008;4008;
4143;4670;4671;4673;
431;494;495;575;707;712;
3212;5615;
4991;4992;4996;
15;
4686;4688;4688;4756;
963;963;975;
779;816;4381;
2170;2182;
;
2936;2938;2946;
713;736;
;
;
;
;
;
;
;
;
;
;
;
;
;
;
;
;
;
;
;
;
;
;
;
;
;
;
;
;
;
;
;
;
;
;
;
;
;
;
;
;
;
;
;
;
;
;
;
;
;
;
;
;
;
;
;
;
;
;
;
;
;
;
;
;
;
;
605;605;1021;1395;1395;
;
4840;4841;4841;4841;4841;4841;
;
;
3650;3977;4238;4335;4719;4759;4952;5614;
;
5160;
2696;4281;4281;4404;4405;4406;
55;390;556;569;3757;
217;585;701;4195;4227;
698;822;3958;
395;396;
705;719;2998;3149;3149;3266;4989;5067;5067;
;
223;224;225;225;225;225;225;225;307;820;3807;3921;
3527;3854;3854;3855;4053;5557;
2355;2591;2608;2609;2609;2609;2618;
3695;
792;1205;1205;
;
;
;
;
3550;3831;3858;5265;5274;5318;
;
1294;1338;1338;1338;1338;1783;1994;2182;2380;2392;
5340;
492;492;1388;4592;
2325;2999;3364;3544;3602;4954;5202;5292;
337;338;338;339;344;344;344;344;344;345;346;346;346;346;810;815;820;1763;1764;2314;2315;2316;2316;2317;2317;2318;2352;2353;2384;2421;3119;3120;3128;3595;3623;3822;3850;3859;4323;4333;
491;492;2323;2324;2325;2325;2499;2803;2882;4409;
4961;4962;4963;5010;5015;
2191;2795;2795;2805;3036;3132;3133;
3930;3931;3939;3978;5089;5090;
;
92;92;108;114;299;299;300;301;301;302;762;
375;380;
4041;5203;5204;
611;687;688;869;870;871;1469;1476;1476;1477;1493;1955;1956;1957;1957;1958;4439;4440;
480;481;557;722;732;733;766;766;775;775;1074;1093;2692;2692;2953;2953;2954;
848;1066;1688;1688;1768;1794;3995;4023;
733;733;733;734;735;735;735;736;738;779;2089;2094;2218;2218;2223;3712;
1270;1271;1280;1859;1867;
5;5;1018;1022;1086;1231;1342;1343;1345;2197;2198;
1791;1791;1792;1792;1792;1792;1792;1935;1936;3367;3369;3369;3418;3473;3474;3474;3476;3477;4596;
128;129;129;129;129;129;129;130;130;284;284;286;427;1022;1026;1071;3401;
42;42;62;66;67;278;280;310;310;310;358;359;360;360;360;400;479;487;
1689;1690;1691;1691;1691;1691;1694;1766;1807;1807;1808;1813;1814;1816;1816;1821;3102;3112;3112;3128;3136;3137;3143;3143;3144;3144;3144;3145;
2861;
746;750;
768;769;881;889;
;
16;16;17;18;20;20;20;20;20;20;21;23;5294;
1682;2099;2100;2112;2651;2676;2676;2676;2676;2685;4928;4941;5322;5323;5329;5349;5351;5352;5352;5352;5352;5352;5353;5355;5355;5355;5355;5403;
;
1041;1057;1191;1231;1232;1233;1233;1233;1233;1233;1233;1233;1255;1256;1257;1329;1330;1330;1330;1330;1337;1344;1345;1351;1352;1352;1352;1352;1352;1353;1353;1353;1353;1354;1355;1356;1357;1358;
3875;4767;4770;
;
5254;5353;
512;1351;1352;2004;2567;2567;4556;4576;4576;4578;4602;
4177;
52;53;353;385;
;
;
;
;
;
;
;
;
;
;
;
;
;
;
;
;
;
;
;
;
;
;
;
;
;
;
;
;
;
;
;
;
;
;
;
;
;
;
;
;
;
;
;
;
;
;
;
;
;
;
;
;
;
;
;
;
;
;
;
;
;
;
;
;
;
552;4912;
970;3231;
2336;2435;
2768;2803;
;
;
550;568;
254;3376;3840;
3425;3427;3427;3427;5293;5398;5578;
1341;1540;4161;
1240;1344;2210;
;
1661;2641;2731;3091;
3904;5168;5223;5258;
2478;2493;2493;2493;2493;5499;
1461;1546;3098;3905;3906;
;
4041;4198;4199;
2392;4063;4104;
1998;
;
1457;1804;1986;2305;2325;5472;
3029;3149;3153;
3462;3471;3485;
776;
4527;4984;4985;
;
904;920;946;
94;3770;3775;5475;
236;597;1047;1287;5391;5565;
;
41;43;673;1364;1364;
701;704;704;959;1024;1218;1218;
2712;2713;2714;
2126;2185;
1118;1789;1802;2275;2298;
78;78;79;81;83;2676;2695;2713;4517;4619;
11;11;511;511;2962;2963;2964;2964;2992;3924;3926;4004;4090;4104;4239;4240;4241;4242;4242;4243;
2226;2227;
455;2073;2073;2077;4172;4201;5210;5211;
373;373;374;
364;364;5621;
242;243;
521;522;
329;331;331;332;333;377;378;379;380;1124;1164;1164;1165;1166;1779;1808;1809;1809;2035;
5186;5252;5253;5253;5254;5254;5275;5276;5362;
620;634;634;634;634;634;636;636;636;636;636;637;4476;4546;4547;4561;4561;5114;5131;5132;5187;5235;
632;
1138;1159;1163;
765;892;919;2112;2122;3120;3120;3173;
854;854;857;
;
36;43;43;43;43;99;1435;1438;1604;1605;1644;1646;1648;1648;1648;1648;1648;1648;1648;2225;2226;2227;
1897;1932;2395;2827;2827;2830;2900;3102;
1024;1099;1100;1390;1391;3475;3478;
1;1;2;5;5;5;639;639;641;642;831;831;839;840;841;1377;1378;1379;1412;1413;1462;1463;1464;1465;1468;1468;1469;1469;1550;1550;1555;1557;1558;1558;1956;1957;1958;1961;1962;1967;2599;2674;2728;2728;2746;
613;614;614;618;
5107;
;
;
43;4589;4759;4776;
;
597;734;785;
;
;
;
;
;
;
;
;
;
;
;
;
;
;
;
;
;
;
;
;
;
;
;
;
;
;
;
;
;
;
;
;
;
;
;
;
;
;
;
;
;
;
;
;
;
;
;
;
;
;
;
;
;
;
;
;
;
;
;
;
;
;
;
;
747;781;782;867;1536;4138;4138;4138;4138;4146;
3318;
1095;1095;1096;1096;1183;4463;4529;
;
1454;1687;
;
2953;3253;3324;4566;4612;
1831;1852;4804;4819;
1953;2072;2162;4047;5053;5055;
4076;4082;4082;4103;4601;
200;211;
1240;1240;
1226;
;
;
385;722;776;2206;2520;2642;3437;3437;4151;4151;5094;5160;
680;2175;
4109;4367;4368;4527;4734;
1715;4180;4180;
3074;3428;4072;4075;
;
;
2094;4988;
825;2313;2314;2315;2315;
3133;
;
50;51;725;
3804;3857;4845;4846;5266;
;
;
;
1726;1727;
113;117;
772;975;975;976;1153;5381;5422;5422;5590;5590;
104;105;205;206;
302;303;303;3078;5220;
313;339;2337;2351;
825;1195;1222;
222;222;1125;1437;1872;1873;2215;2281;
648;657;
0;1;5;115;116;122;123;123;127;313;313;314;670;696;697;712;971;1146;1146;1147;1176;1344;1345;1438;1439;1756;2004;2285;2286;2331;2721;5257;5372;
250;733;765;765;771;771;772;
321;321;322;325;352;362;363;363;363;363;363;884;884;886;933;934;935;935;949;949;949;1061;1149;5332;5333;5363;5447;5448;
3293;3302;3316;3377;
5121;5122;5122;5122;5140;
375;375;682;682;683;714;998;1053;1260;
341;341;680;680;722;722;851;851;861;903;904;922;948;1032;1032;1033;1034;1197;1199;1245;1293;1317;1346;1565;1565;1675;1675;1935;2230;2322;2323;2375;2375;2380;2380;2380;2380;2627;2628;2772;2843;2844;2854;3043;3110;3110;3111;3184;3184;3185;3535;3562;
639;640;
;
507;511;
350;382;1269;1271;4714;4815;4939;
93;4826;4834;4844;
211;267;268;5278;5279;5279;5280;
3710;3711;3719;
792;848;848;1040;1040;3159;3160;
1458;1459;
;
;
2332;
597;609;609;611;3258;3298;3299;
;
;
1462;2840;2982;3151;3686;3780;3843;
;
;
;
;
;
;
;
;
;
;
;
;
;
;
;
;
;
;
;
;
;
;
;
;
;
;
;
;
;
;
;
;
;
;
;
;
;
;
;
;
;
;
;
;
;
;
;
;
;
;
;
;
;
;
;
;
;
;
;
;
;
;
;
;
;
;
201;202;203;203;215;2055;2094;2133;3139;3387;4887;5039;5039;5040;5043;5389;
826;
;
1704;2123;2125;3935;3939;4017;4627;4881;4951;
;
;
3091;3098;
;
;
1677;
;
2965;3613;3658;
;
3129;3230;3230;4921;4991;
4284;4377;4915;4955;
1848;2130;
4999;5046;5098;5099;5100;5152;5305;
;
639;701;2269;
;
2653;3848;5139;5205;5205;5206;
;
4880;4895;
674;817;818;3090;3121;4400;4417;4417;4417;4418;4422;
705;2029;2035;2531;2687;3870;4079;4079;
2887;3502;3502;3602;
2259;3554;3839;3892;4230;4232;5578;5579;
671;
1005;1006;1864;1875;1875;1875;1875;1875;1876;1876;1876;2882;2906;2912;2928;2931;4156;4232;4245;4312;4313;
;
13;13;85;86;318;504;4129;4130;4130;4131;4134;4135;4136;4136;4136;4136;4295;4296;4303;4304;4305;4305;4305;4305;4306;4307;4307;4307;4307;4494;4606;4606;4607;4607;4608;
3839;3863;3863;3947;3947;3990;3990;4002;
323;326;2303;2305;2328;4467;4471;
;
1861;2081;2092;5633;5634;5634;5635;5636;5636;5637;5638;
737;1156;3591;3624;
3386;3387;3411;5497;5552;
456;456;456;460;1212;1213;1214;1994;1994;2330;2331;
;
2189;2336;2339;2784;3033;3034;3066;3546;3547;
2556;2557;3724;
4672;4888;
51;52;59;122;159;3856;3857;3858;3858;3859;3860;3860;4924;4925;5023;5145;
;
469;546;1222;1222;
371;380;381;3479;3800;3800;5209;
;
550;555;
3287;3298;
2309;2310;2367;3816;4017;
3012;3022;3024;
34;34;34;35;35;35;36;36;118;
;
4949;4950;4950;4952;4996;4997;4997;
;
;
824;824;
710;711;711;711;711;711;712;796;887;1073;1073;3730;3751;3761;3861;3862;3892;3892;5089;
5611;5620;
;
1068;1070;1088;3614;
422;835;2590;2592;4189;
;
;
;
;
;
;
;
;
;
;
;
;
;
;
;
;
;
;
;
;
;
;
;
;
;
;
;
;
;
;
;
;
;
;
;
;
;
;
;
;
;
;
;
;
;
;
;
;
;
;
;
;
;
;
;
;
;
;
;
;
;
;
;
;
;
;
3806;3818;3818;
;
;
;
;
;
3562;4504;5420;
831;1011;1016;1554;
4251;4345;4346;4347;4349;
520;637;2927;3134;3780;3891;3992;4111;4159;
5121;5435;5440;
4479;
;
4151;4152;4152;4196;5083;5105;
;
5268;
;
;
150;1765;1889;
3640;
847;873;971;
4618;4619;4619;4619;4619;4619;5350;5486;
;
;
;
124;354;3883;3957;3957;
5231;5286;
4569;4573;
;
;
526;527;3347;3423;3567;3699;3699;3700;4726;4735;
632;632;1083;1083;1905;3331;3473;3474;4067;4068;4590;4590;4590;
24;49;50;50;223;223;224;225;225;229;
5607;5608;5608;5608;5608;5608;5608;
244;505;541;608;609;629;843;931;932;
89;463;558;558;559;559;565;565;586;586;588;588;589;595;2358;2358;5101;5101;5131;5131;
;
3428;3587;3587;3606;3606;3607;3695;3695;3767;
849;859;1747;2179;2179;2619;2620;2621;4228;4228;4229;4277;
55;58;
;
451;845;2157;2157;2157;2158;2592;2592;2641;2641;2642;2655;2780;2781;2782;2782;2784;4897;4897;4899;4900;4910;5343;5364;
3051;3112;3166;4561;5245;5258;
972;981;982;2394;2395;4395;4396;4397;5177;
2278;2278;
135;135;912;913;916;1505;1505;1506;1507;1507;1508;1566;5252;5252;
375;375;513;532;
243;310;310;310;312;
167;370;1595;1991;2923;
3805;3884;
104;105;2059;2357;2366;2499;2499;
1;2;2;9;194;195;195;196;197;198;199;199;199;199;200;201;201;201;201;209;381;400;1525;1536;2598;2599;2599;2599;2599;2599;2599;2600;4443;4447;
;
1793;2891;2899;2900;2904;4661;4901;4901;4948;4948;
5;
847;933;1295;1296;1300;1301;3024;4762;4776;
610;629;630;840;841;842;842;845;1046;1070;1972;1973;
154;552;553;553;579;591;591;591;591;591;591;592;693;694;807;3297;4357;4491;4508;4508;
843;844;857;1273;1274;1275;1436;1436;1437;2617;2617;2726;2754;4724;5093;5093;5460;
;
;
2324;3074;3074;
1825;
;
;
;
;
;
;
;
;
;
;
;
;
;
;
;
;
;
;
;
;
;
;
;
;
;
;
;
;
;
;
;
;
;
;
;
;
;
;
;
;
;
;
;
;
;
;
;
;
;
;
;
;
;
;
;
;
;
;
;
;
;
;
;
;
;
1275;4874;
1263;
;
2909;
3775;3813;
3162;3324;3324;
1129;
2259;2619;2877;3226;4864;4882;
;
;
652;
1376;1376;1376;1529;4334;
158;159;160;160;160;160;160;161;272;276;519;523;
;
1260;1299;1303;2126;3175;
823;
3119;3316;3317;3318;3825;3826;4367;4368;4413;4413;4527;4527;
414;417;1346;1615;1700;1719;2881;4108;4393;4575;5262;5314;
510;511;517;
;
25;
;
;
;
;
;
163;163;1338;1338;1340;1340;1532;1858;1858;1990;2266;2266;2268;2358;3604;4213;4232;4232;
114;114;114;117;
2733;2735;5329;5627;
4052;
1180;1180;2702;2739;2746;
4198;4199;4209;4257;4749;4750;4751;4751;4752;4757;
13;13;14;387;388;409;424;807;810;811;818;5520;5521;5521;5618;5618;5620;5620;
21;22;2223;2232;2269;2617;2713;2714;
20;20;50;51;107;108;493;498;
2635;2668;5562;5569;
200;270;330;331;332;332;334;3785;3786;3786;3787;3787;3788;3828;4319;4323;4323;4324;4325;
797;978;1174;2700;2701;2701;2806;2937;2938;4184;4193;4193;4540;4590;5376;5476;5476;5476;5476;5477;5479;
;
1;1;3607;3610;
362;363;439;440;497;497;
98;102;
69;159;159;178;764;764;765;766;766;766;3215;3453;3554;
1571;2133;2137;
;
1054;1056;2083;2084;
275;280;299;302;685;686;687;760;761;763;783;783;784;785;786;786;787;831;948;999;1011;1034;1034;1035;1036;1036;1036;1036;1036;1645;1645;1662;2639;2654;2655;2659;5270;5271;5272;5273;5273;5342;
435;573;573;597;4121;4123;4277;
317;318;318;319;628;629;643;
;
47;47;48;49;49;49;49;49;49;50;50;50;50;298;1428;1430;2479;2480;2491;2492;2493;2494;2525;2526;2562;
1145;1147;1147;1147;1147;1147;1159;1159;2454;4141;4141;4153;
3105;3108;4700;4701;4794;4796;
88;89;126;165;388;390;1696;1705;1705;
;
203;204;214;4140;4198;4199;5372;5524;
2373;2827;2827;
1991;1992;2117;2118;2208;2209;2209;2228;
49;49;54;99;240;240;241;241;241;241;242;408;408;408;419;419;419;431;
;
;
2113;2117;
2350;2382;
;
;
;
;
;
;
;
;
;
;
;
;
;
;
;
;
;
;
;
;
;
;
;
;
;
;
;
;
;
;
;
;
;
;
;
;
;
;
;
;
;
;
;
;
;
;
;
;
;
;
;
;
;
;
;
;
;
;
;
;
;
;
;
;
2810;2976;
5055;5056;5059;5473;
888;931;933;1836;1872;
564;567;
4855;5448;
1446;1485;1642;2717;2721;5623;
5247;5419;5419;
;
1725;
944;1031;1481;1481;4565;4891;4914;
307;317;
;
44;3037;
;
3155;4106;4351;
1418;1525;2481;2485;2761;2860;2872;5357;
;
2247;2439;3351;
;
775;
;
51;57;89;397;424;1541;1672;3229;3513;3582;5183;5188;
3014;3085;
;
;
4814;4850;
2249;2259;
;
;
4542;
262;262;263;583;584;2094;2470;2471;
590;590;2442;2443;2730;2750;2792;3175;3176;3177;3177;3178;3178;3190;4171;4177;4306;4313;4331;4331;
1190;1191;1191;3054;3055;3055;3056;3104;3105;3105;3106;3549;3550;3550;3619;3694;3698;3740;3741;3742;
30;494;502;617;1810;1861;5087;5087;5088;5180;
628;628;629;856;861;903;916;926;1660;1661;1807;1836;2168;2168;2222;2365;2378;2378;4530;4531;
51;52;350;498;583;583;583;585;863;1829;
62;292;2630;2631;2631;3153;3160;
2269;2273;2274;2275;2275;2275;2275;2275;2275;2320;2460;4658;4661;5383;5384;5384;5385;
645;660;2466;2467;
4531;
890;891;892;892;892;
605;605;640;640;672;673;676;913;928;2707;2708;2709;2716;2764;2840;2841;2841;2842;2843;2843;2843;2843;2843;2844;2846;2846;2849;2858;3397;
881;
716;716;
1185;1186;1202;4286;4395;4396;4454;4473;
236;283;284;284;284;291;1104;1110;1189;1190;1191;1197;1212;
;
;
52;56;193;438;440;739;739;760;760;803;860;861;861;862;864;903;1111;1112;1122;1123;
250;3580;3642;
0;0;0;77;227;539;613;725;726;728;728;728;728;728;2402;2402;2455;2456;2457;2458;2466;2845;2944;2960;
19;20;20;24;37;37;37;38;69;122;122;123;123;123;123;207;207;213;217;218;218;218;218;240;240;302;418;421;563;569;653;653;986;987;988;989;991;992;1160;1323;1323;1324;1341;1341;1341;1341;1374;1405;1469;1490;1500;1759;1759;1933;1934;
110;115;195;195;195;238;238;258;300;306;346;352;352;352;517;517;517;571;571;571;571;572;575;575;782;915;916;929;955;1069;1096;1667;1701;1705;1855;1898;
79;137;145;206;254;271;271;474;475;547;548;563;563;578;578;597;601;878;878;1447;1589;2236;2236;2237;2239;2494;3542;3543;4183;4186;4340;4344;
60;66;66;69;177;178;191;234;259;431;432;490;501;539;539;539;539;539;539;572;572;572;572;608;608;608;608;608;608;608;613;636;636;636;636;637;691;692;794;798;926;1007;1009;1075;1076;1200;1200;4220;4244;4931;4931;4942;5054;5054;
146;146;177;179;440;491;493;515;515;515;515;515;526;526;527;535;550;560;579;579;589;589;623;624;649;649;650;678;678;678;678;682;887;900;992;1034;
66;141;200;222;222;222;341;363;549;549;549;549;641;641;649;650;1497;1864;3632;3632;3633;4100;
44;44;44;45;50;79;79;341;526;539;540;612;613;743;743;
23;23;24;51;551;578;579;611;717;793;794;924;932;1121;1122;1228;1228;
3034;3035;4561;4586;4586;
;
785;806;806;807;822;835;
;
;
;
;
;
;
;
;
;
;
;
;
;
;
;
;
;
;
;
;
;
;
;
;
;
;
;
;
;
;
;
;
;
;
;
;
;
;
;
;
;
;
;
;
;
;
;
;
;
;
;
;
;
;
;
;
;
;
;
;
;
;
;
;
;
;
5445;5455;
3855;3856;3856;4027;4294;
;
3629;3671;4235;4691;
559;1605;1606;1607;1607;1607;
;
866;2164;
;
2503;2579;2718;3299;3304;
;
;
;
;
;
5210;5433;
5021;
;
877;1050;1203;
;
3085;3306;3459;3806;3807;
4286;4324;4324;4740;5302;
;
;
5447;5557;5557;
;
;
731;1342;2297;
126;143;714;888;905;912;920;
916;936;943;
;
2782;3118;3192;4515;4566;
393;394;491;491;657;666;930;1318;1328;1328;1804;1808;2602;2621;2702;3669;3671;
600;613;613;742;771;976;1348;1400;1460;1835;1919;2184;2189;2514;2515;
187;188;1034;4106;4107;
722;722;3951;3951;3952;
277;529;530;531;583;824;1080;1258;1633;1635;
128;128;130;130;130;130;131;131;2682;2683;2713;2713;2832;2833;2834;2834;2870;5593;5594;
1052;1053;1306;1686;1703;
15;15;1146;1146;1147;1147;1148;1222;1223;1224;1225;2679;2680;2681;2681;2681;2681;2681;2681;2708;2808;2823;5575;5576;5586;
455;455;565;566;708;845;874;875;914;915;1450;1457;
1006;1882;1887;2102;3006;3042;
211;212;212;913;1569;1570;1571;1632;2889;3007;3253;4617;4617;4630;4630;4630;4632;4632;5596;5639;
45;46;47;47;47;47;48;49;50;621;831;832;832;833;834;839;840;840;840;840;840;915;986;1073;1074;1496;1497;1498;1504;1505;1634;1635;1642;4138;4139;4144;
;
1906;1907;2288;2289;5026;5026;
25;26;26;39;42;62;63;63;64;73;101;101;102;129;130;131;131;156;233;343;343;389;390;435;435;650;671;683;684;773;773;773;921;1035;1036;1036;1038;1284;1284;1290;1798;1798;4906;4907;4908;4908;4909;
84;145;145;146;149;222;222;222;222;298;339;464;547;552;630;728;830;840;1431;1478;
12;120;131;227;229;229;375;450;535;545;576;577;579;588;589;611;696;696;702;703;703;728;737;771;771;856;857;858;858;858;860;860;1015;1034;1034;1035;1047;1047;1408;2062;2066;
6;34;114;114;118;197;197;197;231;231;278;286;377;397;486;526;526;526;526;526;526;526;529;580;590;644;645;653;655;655;692;692;698;718;734;747;747;748;749;751;787;802;827;865;866;889;911;1046;1046;1165;1166;1446;1447;1448;1449;1468;1473;1474;1475;1626;1627;1787;1788;1797;1798;2757;2757;
97;145;187;229;282;414;501;535;558;558;558;595;601;688;732;797;805;925;1018;1018;1021;1198;2000;3440;4855;4988;5229;
227;227;227;347;347;347;466;475;519;524;581;581;582;628;646;646;646;647;650;775;821;908;909;960;960;960;984;984;1058;1058;1066;1066;1191;1195;1263;1307;1328;1742;1800;1801;1802;1802;1802;1802;1802;1802;2309;2310;2311;2312;3182;3183;3454;3483;
247;247;247;320;341;413;466;466;505;523;589;597;598;646;646;646;646;668;714;714;714;948;949;981;992;1082;1136;1146;1217;1225;1234;1310;1457;1458;1707;1759;2929;2929;2929;2929;2985;3232;3842;4098;4099;4222;4991;5441;5449;5457;
56;75;114;115;607;625;630;630;673;729;730;746;757;809;809;817;843;1020;1021;1072;1073;1080;1106;1152;1152;1152;1152;1155;1203;1358;1482;1718;1719;1719;1719;1720;1720;1840;2392;2449;2838;2864;3297;4042;4296;5580;
410;543;731;776;879;888;955;970;1035;1035;1035;1189;1206;1341;2351;2457;2487;2845;2845;2997;3255;4043;4140;4917;5619;
268;457;679;839;867;948;980;1012;1044;1120;1297;1297;1339;1700;2333;2900;2900;3165;3165;3994;4906;
107;549;575;596;639;742;856;856;856;872;872;992;992;992;992;992;992;1025;1025;1025;1025;1025;1025;1065;1138;1320;1333;1334;1384;1509;1642;1667;2100;2111;2361;2441;2442;2442;2560;2580;2774;3330;3396;3426;4111;4334;4757;4766;4804;5605;5608;
153;311;489;543;547;557;579;594;655;655;658;750;773;856;921;929;929;1111;1111;1147;1222;1225;1720;1810;1914;2070;2093;2102;2757;2941;3096;3096;3096;3097;3150;3524;3687;4205;4761;4778;5043;5123;5624;
3;3;45;45;45;56;56;79;119;121;159;164;164;164;233;233;233;233;474;475;494;505;539;539;540;553;553;553;553;601;604;605;606;613;632;797;797;797;810;970;1064;1068;3643;3643;
41;54;71;71;81;81;81;126;126;178;178;221;221;222;223;224;225;397;430;484;521;521;532;581;586;596;597;618;618;625;
8;9;16;184;240;241;242;243;244;244;244;244;244;244;245;245;245;246;492;498;644;645;656;974;975;975;4902;4903;4903;4905;
798;799;1344;1345;3219;3241;
250;252;253;1615;1640;1948;1948;
1212;1213;1213;1213;1213;1214;
1098;1099;
;
;
;
;
;
;
;
;
;
;
;
;
;
;
;
;
;
;
;
;
;
;
;
;
;
;
;
;
;
;
;
;
;
;
;
;
;
;
;
;
;
;
;
;
;
;
;
;
;
;
;
;
;
;
;
;
;
;
;
;
;
;
;
;
;
4602;5010;5064;5065;
3863;5193;5195;
1663;1884;
2764;2765;2765;2765;2765;2930;4872;4874;
90;163;164;1639;1639;1640;1666;
;
;
214;3331;5463;5583;5583;5598;
1196;1236;1248;
4478;4902;
;
;
551;1269;1354;4894;
2727;
666;757;1392;5051;5051;
224;224;225;226;
279;280;280;280;2083;2363;2363;3006;3033;
2594;3096;3097;
3263;
201;268;
1808;1808;1828;2685;3113;3113;3201;
3611;3617;4222;
;
5331;5331;5331;5332;5340;5535;5558;5571;
4117;
78;277;277;278;279;279;279;279;279;280;280;280;280;280;281;451;451;451;645;1120;1121;1953;1953;1954;1955;1957;2904;2916;2925;4652;4882;
653;673;2775;
;
492;493;
2477;2481;
351;351;2519;2527;2925;2926;2926;2926;2926;2927;
937;944;945;946;1081;1081;1082;1767;1782;1783;2092;2093;2096;2179;2198;2217;2434;2435;2739;2778;2781;2787;4450;4450;4451;4484;4561;4561;4683;4857;4860;
78;79;100;269;2837;2838;2917;2925;2925;2925;2925;5051;5052;5502;5502;5508;5508;
18;19;20;20;4817;4818;4847;
14;84;107;107;150;162;381;381;620;621;622;623;623;627;628;640;641;642;643;644;644;645;648;1111;1146;1146;1201;1681;1681;1682;1682;1682;1683;1684;1684;1758;1946;1947;1970;2605;2763;2852;4240;4241;5453;5454;5544;5588;
76;76;1007;1007;1081;1083;1125;1126;1576;1576;
874;884;884;905;990;990;992;993;994;1996;2015;2589;2594;2905;2906;2906;2907;
44;307;
530;619;714;714;715;716;717;717;717;718;844;850;939;1093;1094;1275;1275;1275;1370;1557;1741;1741;1866;1869;1958;2493;2494;5311;
4;135;
4;26;26;101;101;103;107;112;112;112;178;178;266;277;289;324;431;465;564;564;678;690;692;1180;1190;1224;1236;1237;2274;2275;3281;3282;
120;127;127;192;363;366;366;366;386;435;435;472;472;505;513;541;578;578;579;579;605;605;606;607;608;608;616;616;635;753;753;754;819;820;879;926;926;927;928;928;928;1201;1263;1316;3532;3552;
42;123;179;179;296;513;515;556;623;655;660;707;708;755;756;951;951;951;984;1766;1767;2692;2833;2855;3248;3289;
129;156;156;156;240;271;458;580;597;654;657;687;765;776;825;894;894;894;894;927;927;927;945;1095;1095;1096;1105;1105;1105;1105;1105;1633;1650;1669;2541;2750;2760;2888;2899;2914;2915;2916;2916;2917;2944;
70;321;526;556;585;608;637;687;722;784;815;815;906;907;938;940;1020;1081;1082;1143;1215;1215;1222;1330;1369;1380;1808;1834;2125;2760;2915;2916;2948;3213;3425;3901;4093;4848;4869;5179;5179;5290;5291;5572;5625;5625;
648;730;755;838;856;857;918;930;1049;1342;1731;2150;2782;2783;2968;2984;3277;3531;4693;4824;5280;5300;5301;5437;5489;5504;5640;
98;136;579;611;678;782;856;889;966;966;967;1002;1022;1197;1213;1240;1506;1506;1507;1541;1833;1910;2198;2762;2763;2860;2861;2914;2973;2973;3017;3811;3830;3831;4061;4671;4763;5260;5575;
339;433;534;565;936;939;951;1033;1046;1255;1288;1440;1551;1668;1787;1941;2186;2770;2771;2771;2843;2848;2971;2971;3027;3236;3236;3243;3642;3914;3917;4089;4200;4230;4818;5170;5587;5639;
4;249;633;732;751;763;771;853;1102;1102;1185;1262;1355;1360;1777;1957;3067;3390;3650;4016;4902;5258;5301;5608;
69;77;222;428;432;514;560;608;644;733;789;918;962;980;1024;1506;3256;3506;
38;108;132;595;617;655;662;686;990;1248;1300;1448;1944;2637;2893;3021;4841;5415;
459;613;729;756;769;896;929;1219;1450;2211;2950;2986;4884;
632;1175;1367;
16;48;90;443;557;586;627;637;694;905;963;1001;1149;1249;2033;2875;5086;
110;545;577;749;773;774;882;914;1491;
222;307;462;535;589;648;659;836;861;861;898;1011;1035;1160;1732;2027;2997;2998;
28;28;28;28;28;28;90;97;110;111;156;466;606;611;614;628;786;786;819;929;929;929;1001;1022;1026;1088;1141;1250;1250;1355;1356;2166;2922;2922;2922;4526;5152;
627;647;647;647;647;647;671;711;793;793;814;814;910;910;975;975;975;977;1121;1121;1122;1232;1233;1386;1442;1443;1642;1837;1981;2964;3354;3625;3626;3957;4677;
12;12;16;40;40;45;79;233;488;489;492;499;560;560;560;572;573;643;722;767;889;889;927;928;969;970;975;975;986;989;1168;1169;1242;1273;1273;1718;2516;2608;2727;2980;4105;
2;10;11;15;71;71;71;71;75;90;90;140;146;146;181;181;187;240;476;513;513;513;527;595;595;595;595;764;764;764;764;766;819;832;
47;61;61;103;104;107;107;107;151;151;166;181;181;195;195;251;251;251;251;252;263;380;525;756;757;869;870;1350;1351;1765;1862;
55;63;68;68;135;229;229;4280;4862;
27;37;37;37;1754;1962;
;
;
;
;
;
;
;
;
;
;
;
;
;
;
;
;
;
;
;
;
;
;
;
;
;
;
;
;
;
;
;
;
;
;
;
;
;
;
;
;
;
;
;
;
;
;
;
;
;
;
;
;
;
;
;
;
;
;
;
;
;
;
;
;
1837;3678;3730;3739;
;
371;824;2216;
;
2804;3393;3395;
2884;2948;
4580;4852;4887;
2666;2666;
259;
1236;1472;1481;1481;
;
542;583;693;1884;
;
;
14;1620;2261;2262;2339;2820;2865;2866;2867;2949;2949;2949;2950;3044;3748;
;
;
817;828;
;
;
980;984;
;
;
848;849;849;856;
5378;
19;764;
3134;3262;
203;2281;2299;
1310;1450;1919;1927;2350;2869;3288;3301;
4172;4173;4176;4291;4291;4291;4312;4439;4451;4988;5003;
1376;1392;4750;4751;4764;
612;711;711;713;722;723;723;725;822;920;1317;1318;1319;3924;3925;3925;3925;3925;3926;3927;3934;4044;4050;
177;337;348;624;643;731;900;900;901;902;902;902;902;1115;1433;1707;1708;1709;1710;2048;2050;
31;70;229;410;466;1476;1718;1718;3140;3142;
38;38;39;39;39;39;312;367;
95;181;182;182;185;573;574;899;900;3475;3476;
18;111;112;482;482;482;3183;3183;3308;4413;4475;4475;4685;4978;4979;4979;4979;4979;4979;
434;458;562;585;640;641;678;678;705;705;3987;4157;4158;4282;4285;
0;76;196;406;471;472;535;540;633;638;666;714;722;842;842;
291;318;448;471;531;550;618;717;728;832;832;838;839;891;891;918;934;934;942;1130;1131;1767;1769;1769;1769;1810;2047;2081;2260;2261;2620;2631;2633;2686;2921;2967;3988;3989;3990;3990;3991;3992;3992;3993;3994;4016;4017;4017;4018;4019;4021;4288;4289;4289;4317;4887;4888;4888;4892;4892;4897;4901;4901;4902;5524;5525;5555;5586;5631;5631;5632;5632;5632;
118;254;429;450;471;496;497;556;557;585;598;687;701;701;721;744;789;868;885;906;1024;1024;1047;1048;1051;1052;1080;1081;1082;1146;1147;1656;1697;1797;1924;2265;2453;2809;2817;2970;3091;3734;3735;3735;4096;4097;4308;5111;5323;5324;5447;5557;5595;
275;294;371;510;514;578;578;603;605;605;613;624;672;672;678;724;816;816;847;857;858;933;935;979;1006;1071;1101;1107;1171;1398;1400;1657;1776;1900;2010;2814;2845;2845;2864;3163;3236;3582;3794;4363;4805;5249;5460;5633;
95;555;605;621;691;723;765;773;839;840;848;848;848;862;877;878;880;881;882;882;887;913;978;1180;1318;1776;1849;3077;3086;3218;3652;4396;4837;5528;5633;
96;419;803;818;938;938;952;1098;1135;1347;1606;1901;2067;2892;2944;4080;4206;5633;
237;919;1580;
565;571;645;645;651;762;833;849;981;
96;231;434;535;706;729;733;940;
5;29;41;480;568;582;647;721;1037;1558;1764;2642;
124;231;514;552;595;688;689;747;801;809;847;880;905;1008;1102;1561;
21;75;225;435;436;436;530;530;540;540;628;642;702;721;766;839;870;919;1008;1223;1338;1383;1392;2270;3224;3709;4255;4575;4610;4653;
60;86;139;424;521;522;567;671;861;1133;1134;1451;1485;1586;1777;2005;3468;3486;3692;4938;5236;
541;576;652;697;709;725;848;1010;1020;1457;1777;2038;2383;2574;2881;2907;2976;3089;3588;4226;4326;4384;5410;5627;
56;56;66;226;342;342;721;728;736;924;925;1021;1263;1422;2008;2186;3000;3094;3233;3516;4102;4102;4126;4126;4766;4860;4860;4869;4937;4987;5072;5081;5148;5574;
11;140;638;656;692;707;708;711;1356;1356;3488;4190;
45;131;131;189;509;586;736;933;933;974;990;1003;1107;1409;1501;1734;1849;1849;2527;2867;4254;4466;4887;4896;4973;4973;4976;4976;
20;39;112;551;589;651;731;753;785;794;797;922;979;980;1066;1108;1219;1219;1480;1480;1480;1746;5352;5399;5639;
79;141;141;190;647;648;826;960;1035;1140;1336;1393;1410;1471;2479;2515;2757;3149;3255;3308;3859;4123;
91;105;196;416;442;513;582;582;600;693;1281;1340;3169;4918;5153;
71;71;71;71;122;126;153;153;223;555;574;626;646;662;837;922;1227;1378;2215;2540;2750;2889;4163;4308;4527;4824;
30;30;30;61;132;161;183;409;412;463;603;677;820;890;900;961;1058;1726;1745;2593;2656;2656;3015;3015;3015;3015;3015;3350;3351;3646;4177;4919;5610;
18;18;18;28;77;87;87;130;134;160;207;207;207;207;207;207;289;337;546;619;695;770;833;867;867;914;964;964;964;1097;1097;1146;1146;1232;1249;1253;1273;1369;1497;1677;3104;3109;3432;3432;3562;4720;5560;5573;
75;78;78;78;78;123;182;488;564;564;564;564;564;588;607;630;683;742;937;1031;1038;1172;1271;1271;1271;1271;1284;1284;1381;1483;1568;1712;1848;2395;2815;3076;4176;4620;5521;5630;
6;141;149;149;264;264;537;553;561;618;672;762;972;1207;1207;1324;1325;1332;1332;1332;1456;1629;1746;2487;2864;
69;189;189;189;527;702;702;935;1996;1997;1998;1998;1998;1998;1999;1999;1999;1999;2000;5098;5326;
;
;
;
;
;
;
;
;
;
;
;
;
;
;
;
;
;
;
;
;
;
;
;
;
;
;
;
;
;
;
;
;
;
;
;
;
;
;
;
;
;
;
;
;
;
;
;
;
;
;
;
;
;
;
;
;
;
;
;
;
;
;
;
;
;
96;138;138;1954;2055;2055;2491;4124;
3572;3580;5271;
745;4514;5620;5621;
2637;2704;2846;4249;
;
;
1690;1773;1773;1777;3432;3450;
3442;3672;4719;4906;
;
1493;3216;
177;3597;3598;4414;5573;5581;
883;901;4257;
1107;
3016;
4485;4520;4622;4824;5500;5546;
1911;
269;327;1996;2910;2910;2927;
;
3624;
;
;
;
1783;1824;2992;3037;3169;
;
;
277;278;279;280;281;281;451;502;
;
1347;1689;1710;
;
1173;1305;
2;3;906;1144;1232;1233;1233;1372;1523;1688;4739;4740;4741;
49;49;73;74;75;76;76;124;124;205;205;282;1211;1212;1212;
1218;1219;1405;1405;2205;2341;2341;2341;2477;2477;2483;2616;2617;4234;4262;
34;384;511;511;547;548;571;629;662;663;677;825;4561;4561;4562;4611;4776;4777;4777;4826;5333;5333;5448;5448;5453;5453;5453;5453;5453;5455;5455;5455;5455;5455;
155;405;405;408;452;452;518;538;573;680;753;783;880;917;1080;1081;1147;1147;1257;1583;1714;1737;1813;2071;2685;2686;3088;3117;5123;5405;5410;5622;5622;
553;559;643;701;712;712;712;756;851;851;918;918;919;937;945;1105;1125;1126;1220;1387;1688;2021;2109;2510;2525;2525;2805;3152;3152;3172;3188;3465;3500;3733;3792;5464;5464;
10;493;589;731;768;818;859;944;944;968;969;1003;1013;1014;1043;1043;1044;1046;1062;1179;1192;1258;1459;1635;1652;1915;2066;2856;3187;3220;3463;3470;4408;4993;5074;5254;5458;5520;
506;597;597;700;779;826;880;948;948;1106;1206;1211;1722;1932;3218;3381;3381;3703;3760;5180;5376;5498;
580;628;648;670;849;899;908;1065;1121;2215;2257;2863;2906;4719;5636;
675;789;1584;3175;3608;5544;5558;
24;33;417;417;497;497;613;676;683;2527;3928;4140;5201;
355;565;599;691;1309;4823;4977;
462;533;549;566;849;850;999;1828;1842;
77;416;595;685;709;804;823;1051;1359;2256;3077;
671;828;940;1108;1193;2072;2072;2906;4853;
158;231;438;475;518;700;781;950;1189;3068;3154;3382;3448;4199;4448;
570;690;707;762;824;889;963;986;988;1043;2748;3026;3055;3155;4100;4147;4275;4505;4888;5236;
403;485;684;772;963;1430;1442;1494;1563;2050;2901;4818;4942;5185;5472;
18;42;53;323;492;561;575;639;646;646;646;672;681;774;774;774;781;890;948;1277;1283;1334;1444;1445;1750;1816;2020;2138;2336;2422;2423;2940;3092;
20;139;262;421;453;493;562;618;812;992;1249;1468;1494;3273;3586;4769;
357;573;646;747;765;910;995;1470;2059;2375;3127;4538;5340;
104;177;482;558;619;797;851;860;1513;1685;2838;2901;3057;3278;4316;
89;89;163;253;253;761;767;853;864;1203;1294;2024;2351;2836;2898;2898;3022;3022;3254;4111;4591;4803;
443;621;621;690;690;690;697;735;1029;1029;1123;1237;1237;1312;1312;1409;1793;1990;2919;4148;5298;5302;
623;623;650;740;930;953;986;1000;1071;2991;
134;447;486;601;643;745;745;873;890;1067;1167;1179;1296;1296;2057;2649;2974;4438;4815;
164;476;622;623;623;628;706;955;1001;1002;1012;1012;1012;1012;1084;1084;1084;1181;1181;1182;1236;1255;1596;1706;1706;1707;2983;4803;5236;5614;
178;530;580;587;593;626;626;665;764;973;973;987;992;1003;1189;3799;4754;4795;5136;
176;604;604;604;604;604;604;614;708;831;831;871;957;965;969;984;1360;1636;1807;1866;1996;2081;2113;2119;2319;2962;2980;4836;
34;95;95;107;148;163;173;182;196;648;674;695;877;1306;1622;1915;1915;3182;3996;
44;125;125;146;194;210;219;358;443;529;602;699;699;1466;1563;1890;1957;1965;2004;2004;2004;2477;2915;2938;3090;4224;4224;4306;4382;5481;
37;37;89;267;491;558;621;897;981;981;1463;1495;1550;1759;
5;187;190;597;630;929;1061;1061;1133;1220;1233;1338;1694;1768;1776;2001;2098;2112;2466;2642;3373;3383;3383;3383;3966;
;
;
;
;
;
;
;
;
;
;
;
;
;
;
;
;
;
;
;
;
;
;
;
;
;
;
;
;
;
;
;
;
;
;
;
;
;
;
;
;
;
;
;
;
;
;
;
;
;
;
;
;
;
;
;
;
;
;
;
;
;
;
;
;
2785;
36;203;609;722;737;4908;5046;5136;
;
93;94;2028;
;
;
;
3097;3141;3148;4703;4704;4704;4704;4704;4704;
;
4251;
;
671;2077;4717;4717;
;
1096;1125;1597;1597;1599;4629;4692;4721;
2039;2151;2151;2151;2167;
;
364;364;487;1859;2271;2271;2271;2272;
;
148;
911;912;989;
335;336;336;2010;2611;2686;3236;3236;3357;
534;535;
144;148;4222;5539;
295;853;854;4177;4252;4265;
;
;
3135;3136;3137;3348;3351;4980;5030;5187;
2055;2108;3493;3493;3644;3658;3658;3983;4139;5377;
0;1;18;
1005;1051;2417;2418;2582;2818;4412;
3068;3182;3183;
767;767;1744;1915;1955;1955;2363;2364;2365;2665;2666;2666;3928;3942;
642;644;700;701;701;701;1324;1325;
59;100;217;423;481;503;574;835;835;836;852;853;907;907;907;908;908;908;908;912;1097;1097;1159;1160;1161;1161;1184;1350;1831;3439;3440;4475;4771;4778;5507;5568;5574;5597;5597;5598;5598;5599;
473;652;687;734;783;799;804;822;890;896;896;1170;1302;1303;1491;1738;1985;2091;2439;2786;2827;2828;3080;3081;3115;3115;3116;3213;3413;3696;3741;3832;4229;4554;4994;5115;5549;5619;
46;396;678;816;1029;1055;1193;1278;1495;1760;1997;2057;2821;3009;4300;5414;5414;
19;330;331;461;485;1609;2034;2868;4104;
624;785;790;901;1052;1223;1867;2991;4209;
490;589;596;654;930;960;1913;2728;3020;4193;5464;
605;676;715;719;877;941;968;1257;1819;2005;2117;2430;2850;2855;2921;3048;3530;3852;4176;4178;4308;4320;5526;5632;
44;118;461;551;762;799;860;907;1242;2000;2048;2789;2844;3091;3859;4128;4485;4759;4925;5312;5540;
29;33;454;529;554;593;593;621;784;816;816;913;957;1190;2146;2262;2843;3082;3267;3277;4808;4913;5273;5338;
181;485;534;541;542;584;590;657;751;869;1004;1065;1385;1945;1992;2960;4221;4261;
173;579;822;1148;2058;2857;2868;2889;3061;5144;5438;
95;218;321;602;668;3369;4121;
43;83;109;133;566;589;589;672;672;672;675;676;676;777;855;1871;1927;2955;4872;5171;
179;434;456;468;731;831;856;877;908;910;947;948;948;1048;1569;1616;1628;1782;
232;586;605;639;679;679;783;806;834;1023;1288;1763;3006;3307;4272;4272;4866;4893;5272;
83;440;486;541;685;739;786;817;873;903;2285;2881;3392;4167;
42;137;250;571;578;587;643;670;772;789;853;977;989;1231;1236;1439;1445;1563;1820;1925;3063;3433;4255;4416;4900;5209;
20;113;385;532;568;591;860;881;957;1289;1783;3033;4337;4338;
63;431;505;509;716;797;825;1050;1260;2037;2194;2526;2526;3206;3370;4662;4720;
56;56;59;59;59;104;194;194;224;423;461;461;461;462;462;462;483;483;483;498;705;709;797;879;902;997;1425;1425;2205;2219;
184;216;249;419;573;596;674;1026;1049;1365;3059;3357;
90;101;262;545;572;572;817;966;1338;1361;2002;5149;5149;
3;6;22;54;61;104;130;140;152;452;506;530;559;602;615;668;728;1251;1554;2109;2914;3002;4812;4933;
27;83;87;142;155;171;211;330;330;331;400;430;452;481;634;700;757;1311;1752;1989;2583;2995;3042;
11;43;104;119;122;138;220;244;244;300;301;301;483;494;506;540;544;599;630;631;664;828;1213;1351;3590;
11;16;41;67;88;93;114;146;167;180;570;587;646;714;808;811;1008;1284;1317;2117;2211;2224;
33;56;112;134;155;184;185;194;225;346;414;440;466;468;581;614;754;1714;1952;1962;1984;1988;1988;2297;3298;3994;4053;4160;4610;5339;5345;
10;18;48;55;57;61;85;107;118;169;181;268;290;415;689;1050;1277;1289;1436;1882;1993;2787;4372;4372;
3;38;69;73;91;149;170;699;911;957;1207;1207;1220;1434;1823;2832;3142;3142;3562;3985;4576;5560;
7;86;117;133;540;1414;1576;1789;2279;5142;
15;35;83;436;596;790;1239;1266;1266;1315;1845;1976;2052;2478;2478;2503;2504;2873;3063;3185;3323;4532;4842;4951;
;
;
;
;
;
;
;
;
;
;
;
;
;
;
;
;
;
;
;
;
;
;
;
;
;
;
;
;
;
;
;
;
;
;
;
;
;
;
;
;
;
;
;
;
;
;
;
;
;
;
;
;
;
;
;
;
;
;
;
;
;
;
;
;
;
;
4380;4647;4880;
;
;
;
3812;3882;3882;3928;
231;1889;1889;
1473;2573;2640;4155;4166;4293;5486;5515;
;
3779;5355;5462;
2001;2002;
;
;
1564;3141;3142;
;
3350;
137;295;295;295;334;1455;3337;
1260;2404;2416;5283;
142;142;143;848;889;2090;2092;2717;3363;3363;3364;3364;3364;3365;3366;3399;
;
4960;4973;
1802;1803;1803;
;
;
45;968;969;985;1061;
;
888;911;912;1348;1349;
5047;
1119;1119;4066;
584;584;644;916;2062;2062;2327;2328;
436;2143;2145;
9;693;705;1234;1235;1236;1567;1567;1567;1568;1572;1601;2081;2083;4743;4905;4905;4906;4907;4999;5354;5468;5571;5572;5575;5575;
23;251;522;680;923;1073;1219;1262;1410;1625;
686;744;891;1236;1754;2916;3046;3129;3468;
715;1010;1199;1931;2874;3066;4041;4268;4940;5444;5531;
274;692;711;770;858;871;871;1033;1055;1066;1670;2022;3047;3047;3162;3176;3231;3310;4620;
523;576;760;908;908;908;908;1003;1003;1659;1968;2092;2552;2984;2995;3566;3577;4215;4885;5294;
0;13;16;495;667;715;729;840;974;986;986;1171;1203;1283;1710;1734;1738;1876;2133;2776;2777;3003;3531;4055;4055;4086;4115;4127;4813;4861;
169;619;687;688;716;759;762;776;2021;3487;3488;
14;345;375;375;397;411;508;619;634;634;674;690;690;728;747;747;762;843;867;915;916;1202;1676;2113;2399;3078;3169;3224;3472;3483;4532;
11;101;102;225;568;568;600;615;781;806;915;916;1049;2077;2099;2099;2193;2701;3593;4344;4540;4574;
5;240;425;562;568;686;733;863;863;881;920;952;1038;1221;1299;1300;1875;1910;2036;2043;2840;3058;3058;4239;4246;5245;5469;
386;386;405;438;720;927;1068;1188;2980;4143;
553;553;556;720;744;754;929;945;977;1390;1894;2035;2820;2857;3120;3832;4092;4863;4881;4881;5197;5581;
24;251;255;283;527;543;603;622;643;680;699;798;805;815;828;836;1051;1086;1096;1221;1584;1680;1795;2077;2363;2786;2821;2915;2938;2980;3140;3251;3364;3437;3481;3491;4160;4288;4359;4816;4832;4891;4945;5139;5272;5579;
16;52;163;164;233;379;428;521;537;606;635;669;697;732;764;819;860;915;1174;1214;1215;1215;1240;1625;2187;2885;4828;4828;4833;
31;31;51;106;285;341;471;537;587;802;844;930;952;1102;1189;1387;1629;1634;2291;2993;3115;3751;3752;3752;3758;4279;5315;
115;115;115;145;640;641;641;764;774;846;846;856;1005;1038;1311;1380;1380;1473;1845;1897;
273;273;403;403;403;508;543;596;768;768;768;769;818;859;963;1018;1087;1154;1237;1237;1237;1237;1238;3246;4726;
447;457;539;612;612;636;718;872;962;962;962;1006;1147;1147;1147;1182;1247;1387;1404;1415;1811;1811;1811;1851;2310;2883;2896;2897;2935;3032;3240;3270;3347;3351;3890;4238;4838;4976;5221;5236;5427;5521;
246;408;530;895;992;1102;1114;1151;1573;1978;2015;2356;2582;2778;2791;2903;3813;4846;5207;
137;137;575;597;728;915;1080;1200;1203;1308;1425;2527;2599;
89;223;224;536;672;926;1034;1171;1175;1216;1235;1319;1319;1319;1396;1570;2461;2495;2518;2789;3016;3113;3267;3548;3811;4119;4805;4901;4966;5162;5467;
77;121;200;339;627;785;905;1140;1200;1702;2657;2986;4072;4119;
400;462;462;562;640;677;749;749;758;870;873;892;954;1011;1070;1117;1127;1222;1250;1391;1567;1991;1994;2337;2350;2494;2676;2759;2887;2906;3118;3118;3176;3363;3435;3474;4068;4136;4254;4360;4371;4408;4790;4804;
90;593;619;643;681;725;727;791;833;893;938;938;991;1025;1138;1195;1233;1298;1354;1412;1528;1623;1778;1778;1779;1780;1789;1906;2045;2057;2070;2378;2378;2378;2379;2380;2380;2380;2380;2530;2570;2594;2831;2925;3234;3253;3416;3636;4121;4122;4647;4648;4715;5604;
47;539;540;733;793;871;875;899;924;926;940;960;1056;1090;1194;1270;1881;3084;3266;3313;3643;3672;3745;4327;4381;4662;4663;4664;4664;4664;4664;4665;4884;5149;
482;507;533;556;601;641;647;669;909;992;1041;1051;1112;1118;1213;1290;1485;1756;1756;1756;3037;4562;5010;5632;
183;184;185;185;186;599;643;657;677;705;778;788;893;893;893;955;978;1188;1246;1295;1299;1346;1346;1348;1416;1456;1540;1654;1764;1764;1764;1805;1805;1805;1805;1959;2264;2264;2264;2264;2381;2381;2381;2381;2426;2426;2559;2640;2774;2875;2877;2933;3139;3222;4136;4644;4803;4897;5034;5102;5602;
67;133;455;512;535;546;573;596;611;662;696;798;846;848;916;943;975;1017;1280;1444;1873;1889;2444;2462;3465;4817;5134;5138;
101;146;179;195;213;297;384;456;487;512;523;550;574;607;620;644;650;680;707;708;786;858;917;942;1125;1375;1562;1749;1873;1946;
46;73;84;99;114;126;156;159;181;208;424;451;468;483;515;520;522;540;553;571;611;720;752;1552;
5;12;57;104;143;183;197;272;306;454;485;527;537;1123;1162;1298;
;
;
;
;
;
;
;
;
;
;
;
;
;
;
;
;
;
;
;
;
;
;
;
;
;
;
;
;
;
;
;
;
;
;
;
;
;
;
;
;
;
;
;
;
;
;
;
;
;
;
;
;
;
;
;
;
;
;
;
;
;
;
;
;
1466;
1695;4785;4786;4786;4787;
5284;5634;
4362;5621;
;
1469;1491;4006;4335;
714;2218;
1513;
824;1132;4782;4784;
1045;1053;2647;2705;2706;
1528;1607;3111;3133;3134;3154;
583;583;875;2599;
4150;4385;4447;
;
5609;
5104;5333;
;
5304;5305;5305;5306;5307;5387;
5264;
901;1883;2000;2058;3193;3194;3195;3238;3810;3810;3831;
251;255;268;269;
672;
790;790;863;863;868;
4223;
;
3054;
2742;2790;2871;4486;4617;4903;
254;
2056;2140;4700;4863;5257;5291;
245;354;384;807;1315;1649;2406;3483;3490;
2339;2364;2393;2419;2438;2447;2589;2599;3462;3463;3471;
1703;1759;1962;2027;2693;2703;2704;2705;3838;3883;3884;
794;1087;1258;1276;1514;1545;2762;2893;3424;
67;332;337;357;498;611;704;704;1213;2387;2404;2570;2905;2906;
511;518;568;667;711;775;825;842;944;1762;3017;3152;3404;3565;3828;4141;4207;5055;
709;2123;3009;3187;3487;3528;
1004;2065;2541;3454;
112;658;747;747;996;
600;717;843;2051;2051;3323;
267;753;899;973;1035;1217;2032;2869;2869;3240;3269;3893;3957;4232;4281;4845;5436;
35;268;655;696;696;697;731;855;897;1584;1918;2070;2857;2884;2884;3143;3234;4073;4143;
329;441;732;732;733;733;733;751;783;787;819;874;898;1372;1642;1775;2015;2456;2505;2635;2674;2739;3395;3408;4218;5124;5257;5346;5359;
114;243;271;513;513;586;600;645;672;880;880;889;917;962;983;1056;1057;1149;1159;1174;1177;1178;1233;1257;1257;1260;1353;1354;1392;1468;1468;1485;1506;1507;1631;1632;1633;1634;1635;1663;1664;2024;2043;2372;2393;2400;2403;2926;2927;2974;3019;3019;3121;3122;3123;3550;3674;3675;3763;3764;3780;4080;4183;4251;4802;5088;5134;5135;5383;5525;5529;5613;5614;5617;5617;5634;
556;637;712;732;732;881;909;934;936;1189;1928;1928;3209;3313;3749;3749;4020;4283;
111;687;752;843;931;1065;1095;2011;2943;2943;3191;3191;3351;4310;4794;4932;5081;5108;
626;678;822;870;923;961;1022;1081;1082;1158;1207;1259;1330;1330;1351;1982;2517;2902;4143;4794;4908;5275;
199;230;545;588;679;794;819;820;821;898;922;979;991;992;992;1013;1013;1013;1013;1048;1049;1069;1070;1215;1271;1504;1504;1505;1768;1844;2067;2074;2182;2340;2504;2513;2782;2822;2919;2920;2921;2974;3013;3183;3184;3185;3194;3195;3332;3593;3645;4088;4267;4276;4789;4944;4959;5003;5199;5199;5232;5301;5413;
42;58;136;200;201;247;247;247;247;458;458;458;812;874;880;947;949;1001;1002;1149;1149;1231;1280;1360;1384;1622;1622;1629;1743;2047;2116;2116;2865;3431;4001;4002;
379;379;551;571;776;802;866;866;939;940;1093;1093;1106;1106;1165;1198;1466;5629;
558;558;601;969;1105;1105;1237;
522;523;523;523;562;661;696;696;929;929;1045;1066;1378;2153;2850;3307;3309;3482;3873;4382;4569;
612;612;637;692;699;881;1184;1205;1352;1437;1880;1886;2240;2997;3568;3787;3893;
513;669;682;743;909;990;1155;1155;1155;1155;1192;1192;1192;1195;1210;2008;
692;1045;2177;2189;2935;4300;4542;
431;464;600;654;895;1085;1085;1104;1106;1163;1191;1227;1240;1257;1285;1384;2033;2537;2935;3157;3171;3311;4711;4759;5180;5180;5182;5182;
474;598;670;670;670;670;694;694;694;694;797;797;798;798;798;798;849;849;955;1265;1398;1398;1767;1805;2288;2335;2523;2532;2766;2841;2846;2863;3316;3362;3363;3367;3368;3369;3369;3370;4510;4518;4804;5168;5371;
330;330;330;365;365;370;370;370;616;617;618;618;618;618;637;637;638;638;638;856;858;3943;3959;
353;353;354;354;354;354;354;354;355;356;356;356;356;356;356;392;590;603;603;604;604;604;604;605;610;633;742;840;840;967;967;1002;1149;1149;1184;1289;1353;1507;1524;1524;1973;2325;2412;4664;4665;4666;
152;690;691;694;701;843;843;1022;1022;1023;1166;1386;1387;1388;1388;1447;1948;1949;
1168;1168;1454;1482;2400;2929;2930;2932;4643;4999;5000;5102;5162;5510;5603;
1179;1208;1253;1253;3227;4245;4267;4611;
175;219;682;1014;1216;1249;1295;1359;1397;1530;1666;1666;1692;1741;1745;1990;2352;2766;2930;3050;3237;3461;3571;3573;3797;3797;3798;3799;3799;3799;3799;3799;3803;3803;3803;3803;3803;3803;3804;3804;3804;3804;3804;3806;3806;4568;4649;4903;4934;5002;5002;5002;5152;5316;
155;181;194;207;540;541;618;695;699;735;742;795;886;902;922;963;1058;1066;1067;1069;1069;1069;1069;1069;1069;1071;1071;1072;1202;1206;1295;1325;1338;1487;1584;1694;1772;1772;1888;2066;2142;2144;2584;2584;2585;2815;2871;3263;3370;3854;3985;4572;4822;4822;5086;
155;161;193;546;581;618;648;683;706;893;926;963;1090;1098;1185;1255;1296;1318;1807;2270;2746;2869;3288;3385;3859;4530;4623;4624;
;
;
;
;
;
;
;
;
;
;
;
;
;
;
;
;
;
;
;
;
;
;
;
;
;
;
;
;
;
;
;
;
;
;
;
;
;
;
;
;
;
;
;
;
;
;
;
;
;
;
;
;
;
;
;
;
;
;
;
;
;
;
;
;
924;1117;4407;5516;5516;5516;
4296;
;
402;589;647;822;871;4716;4716;4834;
389;593;601;915;951;2799;
4385;4476;4476;4477;4477;
5497;
;
1879;1880;2375;2390;
1156;1157;1191;3087;3087;4175;4196;
;
730;
4987;5018;5040;
2326;2411;2455;
2534;5625;5626;
;
2440;
5077;5322;5347;
216;1934;1935;2389;2390;3816;
865;866;866;866;901;
1994;2480;2480;2496;3448;3448;
2418;2500;2501;2502;2502;
2292;3066;3106;3242;3485;
3671;3712;3736;3773;3941;3972;
1680;1824;1825;1882;1897;2038;2253;2272;2289;2702;2919;2924;4381;4455;4470;5115;
5004;
540;548;2050;2051;2052;2875;2875;2876;3003;4913;4914;
2343;2360;5075;
1;659;659;659;660;709;953;1405;1531;1703;2855;3225;3231;5626;
331;900;966;4629;
1005;1007;1237;1469;1784;2877;2892;2908;2925;2929;2929;2930;
166;348;970;971;1333;1334;
34;144;185;411;411;478;705;749;814;1144;1374;2818;2821;2918;3341;
417;481;536;591;737;762;791;836;949;1152;1581;1910;1978;1997;1997;2058;2374;2470;2475;2483;2952;3582;4215;4215;4517;4840;4853;5452;
368;368;384;384;479;556;581;593;694;706;763;816;836;905;1988;2011;2042;2043;2043;2349;2395;2481;2857;3189;3488;4847;5443;
406;473;699;736;857;1762;1763;1763;1763;2014;2172;2334;2573;3208;3371;5213;
63;279;455;775;778;783;956;1981;2420;2866;3113;3177;3194;3464;4507;4767;4787;5344;
402;551;694;744;779;812;1046;4993;
332;464;526;638;712;729;730;811;1918;1919;1927;1989;2866;2966;2971;3146;3179;3240;3415;3484;3570;3897;3930;3942;3988;
573;697;719;742;1525;1967;3051;3055;3185;3370;3411;3559;3923;4160;
254;275;493;570;653;700;700;747;1301;3209;3210;3608;4860;4863;4936;5142;5163;5326;5362;
233;256;294;571;733;750;820;1640;1867;3173;3179;3179;3388;
484;565;643;724;732;739;815;1010;1326;1361;1391;3278;3410;4927;5157;5231;
260;285;651;714;795;818;1000;1823;2100;2100;2131;2927;3276;3515;3876;4190;4190;4806;5260;
7;76;227;244;741;1008;1738;1952;2361;2468;2470;2931;3151;3185;3185;3419;3485;4861;5149;
704;705;720;767;1124;1152;1479;1790;1804;1805;3220;3263;3454;3472;4210;4872;5010;5020;
340;340;562;787;910;910;1039;1249;1310;1318;1909;1912;3076;4049;5622;
596;612;620;670;693;4831;
473;484;581;1446;1446;1447;
334;561;732;814;814;817;844;1193;2634;
615;649;812;852;939;1049;2314;2361;2361;2416;
107;910;1428;1474;5286;
146;146;565;847;877;2909;4734;5269;
217;521;646;690;770;849;914;970;1171;1399;
760;794;827;864;1016;1023;1157;1250;1285;1293;1349;2585;2958;2959;4708;
252;928;1013;1053;1208;1226;1372;1378;1378;1592;1739;1760;1912;2515;2528;2676;2676;
84;197;197;265;356;357;473;504;637;720;720;720;980;1111;1112;1123;1124;1129;1130;1195;1196;1202;1202;1216;1216;1217;1232;1912;1912;1918;1918;1937;2216;2897;2898;3944;3945;4646;4665;4666;4688;4688;4712;5304;5608;
138;139;732;759;2373;2782;2804;
764;3766;3814;4804;5088;
1299;2611;2611;2616;3298;3398;3399;3400;3400;3438;3439;3440;3440;3499;4586;4587;4598;4606;4606;4628;
525;543;543;832;916;948;1514;1601;5174;5281;5282;5283;5283;5283;5283;5359;5573;
1432;1433;
453;1267;1267;1270;1270;1323;1324;2940;2941;2941;2941;2941;2941;2941;3159;3159;4553;4553;4560;4561;4575;4576;4577;4577;4582;4583;
34;35;35;35;36;166;475;475;890;891;935;1042;1043;1084;1084;1120;1120;1121;1121;1121;1121;1122;1123;1127;1137;1328;1330;1368;1368;1369;
;
;
;
;
;
;
;
;
;
;
;
;
;
;
;
;
;
;
;
;
;
;
;
;
;
;
;
;
;
;
;
;
;
;
;
;
;
;
;
;
;
;
;
;
;
;
;
;
;
;
;
;
;
;
;
;
;
;
;
;
;
;
;
;
5516;5537;
;
1564;5039;
;
2672;
4142;
4319;
1718;1888;1907;2494;2544;4424;4756;4769;
789;3312;
1387;
;
;
2415;4092;4504;
2996;2999;2999;
;
305;3940;
;
;
2420;4517;
;
948;949;4136;4262;4318;5182;
78;487;487;534;730;847;928;1809;1810;1811;3220;3251;4050;5385;5408;5640;
61;661;1316;
217;590;1287;1483;1650;3598;
102;489;4919;5142;5169;5169;5331;5331;5360;5361;
768;1065;1085;4675;
475;676;687;1120;1120;1129;
801;3478;
5143;
93;
3176;4567;
13;125;394;394;448;669;798;844;844;1115;2147;
9;644;656;856;856;916;1216;1952;1957;2092;2332;
78;485;511;686;772;776;852;870;906;1855;2011;2012;2030;2975;4213;4217;
608;659;790;889;1257;1895;1904;2058;2447;2607;2808;
670;779;827;843;967;1970;2069;2096;2501;2929;
559;598;679;775;787;922;1246;1953;3128;4353;
265;575;676;781;782;838;1189;2856;
13;193;222;484;531;541;692;758;777;834;927;927;1106;2031;2062;2716;3198;3425;3432;
752;843;864;2077;2497;3915;4872;5252;
7;7;527;562;811;896;932;1559;1585;4869;5243;5246;
73;824;850;1648;3173;3178;3413;4876;5149;5236;
463;679;867;2940;2954;2989;3219;3358;3540;3648;4761;5235;
604;616;651;665;1014;1205;1207;1320;2065;2173;2763;2763;2885;2892;2900;3142;3302;3434;3434;3531;3830;4184;4936;
30;71;227;491;509;531;580;693;727;754;822;824;874;2069;2946;
726;763;821;902;995;1246;2531;2900;4463;4816;4816;4856;4919;5273;
690;694;743;748;806;811;849;1039;1200;1210;1220;1359;1505;1909;3202;3202;3224;3224;3345;4332;4536;4562;4562;4828;5313;5418;
558;597;602;684;1004;1037;1213;1236;1238;1544;2377;2444;2828;2897;4104;4177;4877;4990;5081;5207;
4;6;237;252;2452;2480;3402;3403;3413;4190;5461;5468;
16;16;249;338;338;747;793;793;814;847;849;871;897;1039;1104;1292;1338;2213;4766;4903;4904;5308;
1078;1078;1404;2456;
25;71;75;268;446;862;862;984;990;1059;1459;
182;570;570;770;2527;3150;4143;4153;4388;4419;
50;263;857;962;1358;2378;2948;4713;
314;608;637;724;753;852;1044;1191;1211;1338;1476;2031;2435;2442;4694;4740;4896;4896;5298;
5;5;663;683;894;938;1026;1163;1269;1297;1343;1417;1417;1417;2023;2519;2790;2870;4071;4796;
356;442;491;566;567;569;577;647;669;684;798;798;899;1382;1462;1463;1468;1468;1469;1532;1754;1866;1965;2415;2789;3288;3289;3583;4618;4862;
487;488;494;797;1046;1387;1816;1816;1871;2107;2215;2897;2951;2951;3021;3997;4270;4611;
77;146;780;1083;1199;1711;1712;4483;4500;5318;
1533;1534;1611;1611;1611;1951;1951;1951;4595;4596;4597;
19;81;85;1072;1087;1087;1087;1088;1097;1097;1098;1145;1890;1973;2394;2524;2598;3106;3282;3304;3958;4647;
821;1307;1606;1606;1724;1734;1734;1735;1738;1775;2322;
1239;1259;1849;1922;2144;2201;2774;3100;3101;4118;4120;
699;703;1318;1332;1666;
;
;
;
;
;
;
;
;
;
;
;
;
;
;
;
;
;
;
;
;
;
;
;
;
;
;
;
;
;
;
;
;
;
;
;
;
;
;
;
;
;
;
;
;
;
;
;
;
;
;
;
;
;
;
;
;
;
;
;
;
;
;
;
;
5217;
3794;
;
;
682;766;2668;2803;2817;
;
3942;
172;173;
3101;3130;3167;3410;3442;
;
810;5395;
;
687;1211;3286;3562;
2597;
;
;
3668;
5356;5363;5366;
;
5366;
43;1476;2071;5316;5318;
25;28;546;595;701;701;718;727;782;853;853;863;918;1213;1320;1823;1899;1945;1952;2003;2420;2421;2739;2739;2916;2916;2916;3006;3015;3019;3070;3118;3444;3732;3823;3869;4173;4196;4504;4505;4632;4767;4964;5198;5199;5205;5355;5544;5577;
658;658;658;661;668;683;685;756;790;800;1803;1803;1844;1936;2073;2352;2569;3014;3555;3599;3853;4098;4131;4617;4619;5281;5331;5332;
42;629;654;670;670;673;683;696;781;793;1819;1935;1938;1974;1974;1988;2104;2343;2440;2440;3764;3889;3951;5192;5193;5346;5495;
8;329;338;645;713;714;893;962;985;1252;1293;2072;2249;2505;3019;3378;4249;4513;4904;5119;
578;713;967;1206;1207;1208;1313;1907;2013;2662;2681;2849;3047;
1;280;281;303;515;568;687;687;687;774;812;2003;
245;246;337;640;811;821;1339;1345;1346;1347;1347;1348;1351;
;
448;1353;1356;3875;3915;4178;
517;
52;421;540;567;774;834;960;2008;3373;3374;3440;3445;5165;
390;575;690;743;758;871;
40;251;366;432;615;666;679;717;728;743;877;1957;2178;
319;327;570;682;735;750;797;849;1108;1289;2053;2410;
181;216;550;551;571;571;672;717;728;3203;3347;4865;5365;
230;261;505;551;645;698;698;707;756;975;1262;2128;2977;3242;3372;4247;4923;5501;5605;
397;505;628;695;723;797;1179;2042;2087;2251;3081;3469;
193;512;586;621;630;630;689;693;699;2939;4183;4878;
528;630;645;690;733;
7;611;673;678;706;1145;1213;1326;2981;3225;3335;3495;
9;294;530;534;577;617;633;1060;2089;2841;4872;
176;259;558;586;670;686;821;952;952;3340;3362;
244;269;548;586;864;937;2075;2138;2353;
672;793;909;
645;657;779;814;863;1040;5604;
12;708;745;1503;1842;3113;3432;4703;
263;578;709;788;960;1506;1541;1625;2108;2634;2978;3029;3250;3670;3671;4080;4163;
634;638;677;949;953;1112;1734;2279;3223;4253;4270;
686;711;782;965;1024;1377;1496;2574;4954;5079;
214;549;594;1390;1414;
110;529;637;638;885;897;1310;2546;2845;
1439;2330;3190;3533;
654;898;898;1415;
223;746;773;1028;1108;1249;1300;1361;1481;1509;2860;2860;
1504;5083;
263;311;404;532;600;600;709;805;805;805;885;1863;3166;3168;3736;4582;4596;4649;
706;927;946;1009;1131;1197;1575;1871;
522;590;623;900;939;3831;3878;3880;4060;
81;81;82;103;106;176;177;368;369;385;619;804;804;805;806;806;1287;1867;1988;1988;4245;4902;4902;4903;4903;4903;4903;4904;
212;1220;1763;3097;3458;3465;3893;5098;5106;5561;
1052;1222;1223;1474;1475;2188;2189;2341;2575;4042;4050;4567;4567;4578;
1204;1205;1206;1263;1447;1453;1456;1456;1457;1462;1463;1466;1487;1937;1937;1945;2531;3328;
1203;1203;3762;4853;
;
;
;
;
;
;
;
;
;
;
;
;
;
;
;
;
;
;
;
;
;
;
;
;
;
;
;
;
;
;
;
;
;
;
;
;
;
;
;
;
;
;
;
;
;
;
;
;
;
;
;
;
;
;
;
;
;
;
;
;
;
;
;
;
773;781;782;4142;
2053;2246;2264;5067;
;
;
4252;4509;4509;4745;
;
4345;4385;4392;
2212;2666;2685;
2072;5170;
;
;
;
638;847;847;981;4987;
1691;1917;2067;
;
514;2352;2680;2916;
;
9;693;699;
;
40;58;310;320;389;390;409;694;1190;1194;1993;2527;2527;3193;3194;3194;4211;4633;4637;
15;380;592;592;592;665;693;711;740;991;1266;1269;2113;2306;2312;
8;29;73;507;573;650;650;660;726;730;787;790;830;838;865;1001;1191;1797;1842;1890;1903;1929;2084;2121;2309;2344;2344;2344;2415;2450;2480;2688;3527;3820;3950;4129;4158;4236;4280;4281;4482;4535;4797;4857;5161;5162;5163;5176;5274;
674;794;801;856;856;856;1811;1871;1954;2764;2874;2935;3483;3627;3638;3836;4213;4645;4885;5176;5331;5382;5401;
34;73;660;696;696;696;696;772;780;780;825;830;830;853;867;1281;1385;1827;1841;1842;1856;1959;2008;2142;2402;2426;2722;2957;2962;2962;3002;3037;3094;3383;3393;3437;3560;3612;3872;3981;4081;4094;4191;4191;4259;4525;4625;4956;4959;5171;5192;5294;5299;5381;5410;
4;581;591;734;760;788;788;793;793;793;793;872;1301;1391;1674;1674;1800;1882;1922;2436;2437;2462;2569;2905;3204;3204;3382;3382;3382;3525;3602;3673;3760;4161;4172;4556;4556;4556;4556;4575;4791;4793;4892;4947;5090;5115;5216;5216;5216;5216;5217;
647;647;663;783;783;1082;1336;1843;1933;2812;2815;2815;2832;3528;3711;3815;3858;3890;4016;4105;4126;5207;5299;5304;
5;95;568;586;632;687;717;737;767;832;881;1217;1268;1820;1851;1917;2033;2049;2052;2224;2310;2362;2422;2659;2659;2659;2880;2881;3040;3040;3134;3134;3135;3141;3141;3382;3398;3444;3502;3583;3716;3796;3847;4206;4207;4207;4207;4233;4233;4272;4433;4803;4876;5074;5117;5211;5254;5323;5458;5479;
4;48;53;405;498;542;609;716;765;765;765;981;1823;1905;2052;2339;2473;2890;2905;4166;4542;4832;5147;
3;880;920;
22;387;387;1057;1849;3188;3569;
6;234;235;246;369;560;640;934;1910;3729;3787;4929;
83;508;540;996;
182;182;209;806;976;1017;1474;2123;2311;2389;2821;2861;2893;2975;3073;3347;4140;4150;4155;5589;
28;326;519;543;571;647;680;680;685;686;722;757;802;804;914;937;938;1767;1824;1898;2051;2082;2194;2320;2846;2846;3593;3841;3842;3939;4060;4244;4847;5130;5316;
327;374;483;533;639;702;702;781;791;858;912;922;962;1250;1896;2063;2387;2684;2820;4252;4898;5100;5395;
257;506;508;624;645;674;714;735;772;809;928;1113;1235;1336;1926;2257;2490;2919;2945;3149;3382;3516;3627;4139;4240;4911;5173;5173;5263;5330;
179;255;585;652;688;743;764;854;913;913;1041;1264;1270;1330;2035;2046;2292;2433;2470;2778;2935;3084;3093;3377;3415;4221;4914;5281;5389;
204;239;543;601;610;626;693;699;713;740;970;994;1143;1406;1432;1885;2126;2414;3029;3059;3424;3465;3823;4119;4840;4876;4889;4926;5090;5141;5200;5220;5274;
559;631;652;687;706;716;739;767;858;913;1903;1956;1974;2030;2491;2543;2871;2882;2927;3006;3008;3075;3225;3381;3416;3437;4136;4143;4183;5283;5513;
521;551;700;705;910;932;1965;2194;2769;2769;2847;2954;2976;2987;2998;3375;3520;3596;3766;3804;3827;4094;4169;4275;4291;4490;4549;4801;4815;5194;5261;5331;
44;531;553;554;581;656;666;692;692;708;726;738;797;836;909;924;926;1016;2086;2282;2826;2919;2992;3066;3140;3437;3469;3523;3524;3714;3840;3891;4042;4147;4179;4243;4428;4580;4590;4831;4853;5145;5201;
244;394;517;626;675;691;692;795;797;797;849;897;988;1049;2005;2019;2428;2463;2885;2926;2950;2998;3451;3521;3521;3521;3636;3748;3826;3860;4031;4033;4118;4133;4149;4529;4755;4856;4906;5113;5167;5265;
202;203;329;357;531;602;638;651;727;797;883;927;984;1575;1961;2107;2115;2641;2790;2875;4154;4199;4315;4409;4495;4747;4834;4925;4945;4982;5102;5170;5185;5256;
263;303;863;898;908;1993;2944;3179;3208;3420;3985;4842;4884;4895;4897;5177;5207;5223;
15;161;283;295;619;766;768;800;828;1051;1063;1063;1112;1506;1952;2059;2168;2952;3102;3226;3462;3525;3559;3984;4044;4093;4110;5221;
296;363;525;527;665;666;671;751;786;972;2256;2621;3027;3056;3191;3518;3520;3855;4065;4191;4795;
273;290;558;728;735;1046;1569;1887;2968;3085;3460;3536;3900;4089;4100;4902;
546;555;724;726;1213;1213;1218;4293;4356;4699;5320;5338;
585;603;655;696;768;773;783;1230;1423;2369;2896;4117;4248;4605;4748;
260;260;287;560;594;615;616;735;766;1159;1163;1450;1501;2088;2422;2493;3066;3245;3294;3459;3515;3563;3570;3759;4149;4202;4822;5221;
265;315;315;327;550;631;689;715;741;904;1151;1151;1215;1307;1410;1436;2152;2153;2893;2903;3182;3191;3237;3404;3422;3497;4152;4227;4922;5308;5505;
253;350;464;574;714;715;792;1035;1035;1035;1234;1324;1384;2380;2572;2787;2802;2955;3125;3534;4102;4222;4229;4326;4792;4887;5318;
258;629;843;
129;129;166;774;1225;1399;1486;1493;2354;2825;4801;5636;
933;1114;1140;1173;1175;1275;1549;1680;2009;2458;4082;4860;
714;743;897;925;1138;1394;1396;1458;1757;1945;1962;2206;2389;2389;4147;4238;4242;
166;446;481;481;481;524;525;599;676;737;737;737;737;899;915;915;965;1088;1105;1105;1106;1111;1112;1130;1130;1250;1403;1426;1534;1664;1859;1930;2483;2709;2710;3130;3130;3161;3166;3742;3767;4436;4577;4578;4578;4669;4897;4907;
546;547;708;724;733;842;938;1041;1042;1356;2348;2798;2799;2951;4917;
24;24;24;75;80;81;81;888;1265;1317;1320;1340;1341;1350;1353;1422;2104;2522;2710;2725;3152;3152;3172;3188;3429;3447;4302;4321;4893;
111;143;1149;1171;4128;4730;4730;5404;
5609;
58;483;596;596;596;597;607;609;742;743;1082;1082;1221;1221;1731;1797;1941;1953;4190;4449;4450;4473;5004;
955;971;972;972;1160;1299;1452;1562;2010;2130;2130;2287;2402;3159;3323;3660;4224;4430;4477;
639;783;784;1170;1318;2439;2440;2441;2504;
;
;
;
;
;
;
;
;
;
;
;
;
;
;
;
;
;
;
;
;
;
;
;
;
;
;
;
;
;
;
;
;
;
;
;
;
;
;
;
;
;
;
;
;
;
;
;
;
;
;
;
;
;
;
;
;
;
;
;
;
;
;
;
;
;
5148;
;
745;782;4716;4717;5499;
;
1371;2109;2109;2109;3260;
;
;
4242;5076;5591;
1043;
222;401;436;436;436;
5448;
;
2384;2736;2743;4388;4418;
1440;4651;4652;4764;4958;4958;5105;5325;5370;
2680;2681;2700;
;
;
123;623;1692;1732;1732;3135;3313;3316;
36;193;637;646;903;909;1190;1418;1897;1918;2252;2253;2831;2831;2832;2905;3437;4190;5303;5325;
26;43;75;575;674;713;717;772;797;846;856;925;1009;1250;1825;1880;1952;2075;2299;2440;2858;2877;3036;3378;3562;3608;3801;4061;4142;4155;4266;4316;4513;4858;4878;5156;5159;5254;5287;
788;828;943;947;953;1142;1175;1244;1256;1434;1828;2032;2520;2883;3006;3015;3353;3447;3559;3912;4099;4127;4994;5215;
29;216;743;800;863;901;1341;1362;1941;2897;
170;629;891;891;926;927;1229;1244;1970;2050;2875;3102;3137;3170;3178;3396;3437;4091;4093;5338;
29;75;669;769;865;2000;2020;2078;2340;2952;2995;3441;4197;4903;5329;5428;
801;970;1123;1193;1256;1633;1890;2925;2988;3089;3316;3453;3536;3806;3806;3843;4289;5257;5299;
250;645;765;788;823;925;1060;1399;1722;1857;1876;1987;2074;2074;2361;2463;2975;2978;2990;3134;3479;3488;3511;4180;4237;4257;4579;4579;4722;4896;4925;5144;5453;5518;5558;
11;26;698;725;725;782;782;784;822;972;1198;1883;1943;2018;2097;2299;2299;2377;2377;2377;2380;2754;3024;3154;3365;3433;4125;4232;4328;4529;4862;4960;5132;5132;5379;
39;562;562;562;562;617;687;700;711;745;791;810;876;876;876;876;955;1174;1317;1324;1925;1996;2049;2291;2297;2662;2872;2890;3050;3380;3451;3490;3910;3927;3927;3954;4064;4128;4136;4158;4583;4869;5143;5244;5290;5290;5335;5336;5340;
5;34;63;526;643;649;708;820;936;1249;1939;2681;3006;3457;4331;5265;
2;555;583;595;682;682;747;772;868;888;892;1802;1802;1805;2016;2057;2069;2327;2334;2371;2424;2645;2797;2848;2859;3274;3755;4134;4170;4573;4593;4755;5201;5450;
17;44;207;207;229;229;230;540;549;549;555;591;604;661;673;677;834;1029;1038;1241;1242;1564;1907;1921;1921;2362;2811;2919;3039;3194;4130;4130;4296;4376;4380;4468;4731;4758;5288;
79;528;633;643;759;872;909;1270;1575;1849;1865;1945;1945;1947;2861;2961;3038;3521;3898;3948;3962;4076;4126;4533;4740;4740;5251;5601;
228;554;586;707;730;730;731;732;747;786;786;786;851;881;919;975;975;976;976;976;985;985;988;1001;1215;1286;1287;1287;1288;1347;1368;1371;1700;1829;1941;1953;2076;2323;2333;2401;2402;2433;2477;2477;2493;2505;2508;2509;2536;2742;2766;2766;2766;2767;2777;2778;2785;2786;2786;2787;2824;2877;3082;3346;3358;3418;3427;3443;3446;3446;3447;3448;3448;3448;3451;3631;3634;4110;4172;4187;4215;4474;4478;4752;4752;4778;4836;4839;5004;5005;5005;5006;5007;5009;5091;5227;5302;5612;
41;49;109;109;221;244;469;515;521;705;721;757;757;780;830;834;1029;1072;1304;1316;1838;1873;1947;1964;1983;1984;2468;2470;2816;3037;3084;3110;3344;3393;3442;3485;3538;3570;3964;4019;4204;4264;4337;4338;4454;4561;4784;4848;5109;5198;
340;516;583;626;636;675;699;699;728;735;755;777;810;832;834;897;921;931;1002;1259;1380;1854;1917;2018;2084;2234;2254;2309;2801;2938;3027;3139;3425;3425;3443;3459;4159;4169;4401;4901;5085;5234;5280;5280;5621;
217;249;630;632;667;734;818;894;908;939;939;990;1232;1903;1904;1932;2045;2059;2418;2624;2782;2815;2880;2880;2920;2965;3396;3551;3625;3880;4117;4154;4312;4515;4532;4734;4791;5180;5192;
227;287;316;332;620;620;623;626;626;639;643;643;653;695;696;730;773;870;880;913;945;1094;1241;1716;1727;1967;1968;1978;1987;2786;2851;2851;2856;2930;2979;3008;3074;3146;3162;3369;3369;3392;3503;3896;3940;3955;4038;4159;4259;4260;4309;4461;4517;4549;4738;4816;4867;4882;5141;5152;5189;5247;
175;544;617;621;638;691;760;760;861;898;954;954;1012;1012;1136;1141;2001;2021;2032;2160;2530;2559;2795;2817;2999;3100;3129;3161;3342;3370;3390;3548;3548;3553;4260;4273;4479;4520;4754;4776;4879;4982;5147;5151;
555;589;591;605;690;741;751;781;822;837;838;856;856;856;856;925;935;960;1054;1072;1704;1704;1993;2082;2090;2448;2901;3029;3048;3169;3376;3390;3476;4019;4180;4211;4537;4669;4717;4756;4824;4931;4954;5105;5114;5177;5349;5632;
559;587;592;596;642;665;700;732;737;840;851;892;915;970;970;1094;1331;2079;2093;2457;2457;2809;2810;3057;3101;3172;3387;3430;3437;4226;4583;4743;4825;4825;4832;4936;5126;5199;5245;5257;
277;522;543;543;656;725;726;806;829;857;879;1657;1708;1857;1940;2050;2449;2454;2957;2976;3015;3127;3429;3433;3459;3609;3834;3914;3928;4048;4048;4180;4744;4800;4884;5123;5206;5206;
395;428;543;544;571;608;676;693;786;799;807;924;1633;1693;1937;1999;2838;2838;2957;3003;3032;3470;3474;3878;4064;4082;4170;4170;4615;4717;5213;
232;494;508;533;544;544;551;721;793;808;878;878;919;969;2077;2128;3213;3254;3360;4122;4769;4835;4840;5222;
222;222;223;244;254;556;595;624;662;737;766;809;838;881;925;1067;1616;1733;1984;2133;2961;3427;3926;4128;4164;4798;5117;
84;202;593;617;683;711;754;813;836;863;1529;2057;2901;2975;3472;3478;3613;3893;4030;4085;4606;5073;5190;
654;678;678;706;958;976;2958;3018;
211;606;638;638;658;666;727;731;786;865;1221;1471;1508;1748;1764;1804;2081;2433;2478;2856;2856;3074;3387;3400;3595;3928;4105;4232;4276;4581;4758;4763;5207;5227;5228;
242;585;596;644;675;710;762;768;777;885;1197;1221;1282;2118;2859;3520;4151;4175;4226;5309;5420;
612;627;646;651;683;718;798;801;802;1030;1080;1095;1232;2031;4176;4214;4222;4236;4481;4554;4654;4805;5211;
545;562;574;624;636;679;687;689;746;752;807;1023;1053;1195;1360;3032;3200;3242;3404;3457;3763;4186;4186;4214;4716;
641;661;674;765;767;767;832;1046;1206;1242;1318;1464;1478;1491;1756;2486;2655;2681;2857;2959;3227;3390;4909;5145;
254;689;689;720;1129;4758;5172;5180;5220;
620;697;942;1182;1223;1281;1375;4801;
29;547;644;644;667;790;1040;1040;1295;1388;1849;4597;4881;4882;
190;240;581;760;834;837;857;1173;1184;1217;1398;1443;1478;1575;1697;2064;2350;3142;3567;4117;
1;13;78;255;272;446;459;504;504;627;753;753;760;810;839;933;933;965;1010;1266;1328;1353;1374;1554;1797;2058;2421;3109;3109;3396;3407;3538;3634;3874;4917;5634;5637;
810;830;1030;1254;1255;1256;1256;1256;1257;1351;1351;1352;1353;1354;2077;2363;2365;2798;2800;2801;2870;
670;1190;2194;2195;2196;2196;2196;2846;2888;
26;26;
877;895;1274;1275;
1211;1211;1542;1543;1546;3803;3803;3804;3805;3806;3808;4629;5448;5463;
1071;1073;1205;1206;1564;1564;
46;1028;1030;3225;3226;3786;4623;4624;4632;
;
;
;
;
;
;
;
;
;
;
;
;
;
;
;
;
;
;
;
;
;
;
;
;
;
;
;
;
;
;
;
;
;
;
;
;
;
;
;
;
;
;
;
;
;
;
;
;
;
;
;
;
;
;
;
;
;
;
;
;
;
;
;
;
2530;2636;3858;
;
1028;1096;4061;
1172;1185;
2661;2973;4750;4883;4901;
1769;1908;3320;
2871;3294;3312;3648;3690;5218;5625;
;
5513;5539;
;
;
571;1009;
4765;
95;120;
2115;
;
;
;
670;737;
775;841;1613;1926;2746;2746;2940;2959;3413;3508;4226;4535;4535;4588;5325;5596;
800;1029;1077;1214;1893;2389;2680;2683;2894;3448;5036;5229;5351;
22;242;487;825;965;1841;
241;
118;480;
645;749;774;820;845;859;1114;1286;1700;1846;1860;1947;2057;2486;2508;2529;3111;3301;4857;4891;5072;5131;5331;5331;5332;5360;5391;
3844;4747;
35;117;346;548;744;875;1976;2985;4203;5350;
853;998;1861;2161;2416;3047;3388;4197;5256;
282;662;936;1054;1111;1323;2175;2562;4229;
694;694;694;694;902;902;1119;1119;1799;2008;3006;3006;
555;659;777;983;1315;2926;3117;3201;3410;3418;4123;4565;4661;4924;4924;4924;5160;5479;
669;728;811;811;830;893;1011;1225;1347;1399;1949;2485;2697;2828;2875;3050;3054;3199;3350;3461;3476;4199;4202;4641;4667;5380;
689;839;906;944;952;1180;1244;1244;1834;1852;2904;2909;2978;3561;3567;3649;4128;4545;4777;5134;5453;
248;696;714;799;803;900;908;970;1230;1239;1252;1303;1888;2081;2639;2913;2988;3139;3321;3416;3969;4102;4108;4852;5223;5618;
91;230;350;578;595;597;626;721;783;786;827;1945;1964;2155;2268;2750;3728;4895;4932;5114;5184;
21;37;49;648;701;703;714;758;915;3054;3079;3347;3398;3686;
219;544;996;997;1283;2909;2998;3000;3404;3482;3492;3503;
571;686;701;724;985;1006;1241;1289;1930;2869;2924;2984;3323;3329;3433;3461;3494;3579;3830;3891;4043;4050;4209;4212;5597;5631;
19;686;822;925;991;1248;1989;2031;2852;2856;3079;3094;3150;3316;3333;3415;3431;3523;3557;3808;3808;3810;4068;4071;4107;4154;4581;4581;5335;
82;337;626;676;690;927;932;932;942;1011;1270;1358;1647;1912;2020;2082;2583;2819;2954;2984;3046;3438;3810;3874;3897;4051;4134;4146;4626;4711;4872;4907;5156;5173;5289;5420;
641;666;783;869;885;960;966;1086;1285;1628;1812;1902;1991;2048;2823;2829;3130;3378;3577;3924;4047;4110;4184;4275;4501;4529;4755;4785;5232;5237;
102;507;507;550;656;783;897;908;979;1535;2038;2115;2362;2815;2819;3024;3090;3398;3433;4119;4150;4287;4451;4800;4831;5122;5173;5261;5261;
272;517;625;728;849;877;895;907;2078;2105;2737;2909;2909;3352;3424;3892;3901;4218;4563;4782;4908;4991;5108;5122;5224;5314;
648;906;907;956;990;1733;1928;2883;2941;3514;3833;4912;5485;
696;877;2959;3553;4938;5143;
580;699;790;900;1197;2083;2885;3125;3296;3359;3502;3538;4833;4867;5164;5191;
506;711;801;1166;1740;1765;1947;2391;2905;2906;3008;3496;3511;4867;5211;
3143;3148;3264;3280;3398;3466;4122;
792;1502;2081;2357;2864;3082;3190;3416;3460;4209;
734;934;1154;1719;3062;3130;3385;3460;4849;
609;647;718;733;1337;1454;1454;2200;2314;2869;2944;3435;3525;4766;4814;
500;531;984;1296;1405;2079;2426;2923;3203;3438;4163;4225;
759;816;1455;1834;5122;
128;277;711;759;1023;1399;1452;2335;2354;4783;5087;
154;195;704;1211;1364;1499;1662;1662;2442;2581;2591;3099;3451;4104;
717;803;948;1047;1263;1391;1467;2382;2420;2591;3048;4091;
754;822;901;905;1189;1272;1720;1971;1984;2024;2428;2793;2918;2989;3471;4161;4290;
76;80;208;366;517;539;540;555;555;600;610;611;612;612;612;612;612;613;615;615;615;615;615;615;618;618;618;630;630;630;713;795;831;833;834;835;898;942;943;944;981;981;1054;1054;1057;1057;1095;1095;1220;1233;1233;1253;1254;1255;2580;2842;2855;3291;3291;4794;4973;5006;5149;5150;5152;5153;5153;
282;297;551;552;554;555;571;571;574;586;587;618;618;618;618;619;632;633;649;712;774;775;816;817;861;861;861;861;922;925;980;980;980;1064;1064;1111;1379;1450;1551;1709;1709;1709;1710;1746;1816;1816;1816;1817;1817;1818;1819;1878;1879;1914;2158;2159;2168;2168;2168;2168;2168;2215;2215;2463;2464;4825;4945;4946;5115;5115;5115;5115;5140;5218;
81;82;121;121;121;843;844;
799;799;964;1177;1177;1223;2508;2602;3219;3219;3219;3219;3306;5231;
169;387;438;464;649;649;650;668;683;717;717;1557;1796;1806;1881;3470;3471;3498;4144;4145;
129;931;2992;4043;4043;4044;4044;4060;
818;818;943;1412;1692;1769;1775;1880;1881;1997;1997;1998;1999;2000;2001;2360;2758;2961;3004;3006;3051;3052;3247;3961;4028;4028;4028;4028;4859;
;
;
;
;
;
;
;
;
;
;
;
;
;
;
;
;
;
;
;
;
;
;
;
;
;
;
;
;
;
;
;
;
;
;
;
;
;
;
;
;
;
;
;
;
;
;
;
;
;
;
;
;
;
;
;
;
;
;
;
;
;
;
;
;
;
;
885;961;1176;1176;1196;4539;
700;700;701;1025;1220;4822;5402;
1685;
2580;3593;3593;
3672;3745;3756;4089;
4847;5009;5576;
;
220;699;700;1135;
1287;
;
;
2892;2932;3051;4409;4831;4831;
886;2129;2129;2948;2949;2950;2951;4769;
5160;
3454;
2478;2479;4342;4571;4571;
807;843;1577;2359;2387;3096;3483;
408;644;941;1552;2212;2238;2322;
34;5385;5414;
;
1991;4560;
750;1501;
48;120;542;585;774;774;824;992;1249;1883;2001;2023;2317;2876;2877;3140;3376;3417;3929;4107;4220;4514;4514;4514;4514;4514;4852;5148;
672;713;767;1211;2012;2046;2128;2409;2934;3389;3806;3807;4348;
717;722;735;758;779;960;1243;1245;2075;2359;2687;3235;3408;3937;4237;4534;5311;
180;716;815;924;1372;2101;2124;2274;2379;2814;3631;3858;4165;4593;5328;
790;1205;2876;3495;3893;4766;5191;
440;894;1315;3221;3396;3563;4232;
685;1946;2071;2318;3077;3438;3697;3759;
1347;
829;911;5098;
813;3060;3360;
83;753;831;918;1983;2025;2142;2879;2913;3009;3508;4154;5207;
54;264;304;473;546;575;616;624;659;717;803;869;915;1211;1592;1991;1991;2123;2379;2626;2929;3529;3530;4176;4318;4474;4845;4869;4870;4940;4947;5161;5183;5601;
54;54;54;114;225;314;395;435;507;550;603;604;626;675;736;747;778;819;1242;1333;2145;2355;3043;3291;3419;3507;3543;5315;5341;
155;180;253;299;358;538;747;773;780;860;880;989;1085;1293;3112;3530;
195;514;526;634;742;778;811;872;1699;1750;1826;2744;2936;4054;4917;5267;
172;181;258;507;597;612;730;755;774;2202;3167;3518;3898;4216;
183;201;500;522;541;592;592;604;611;709;725;765;774;795;797;
188;362;504;505;522;554;603;605;605;663;744;785;796;922;1437;1958;1990;2802;3273;3388;3489;4077;
127;199;298;321;391;539;543;578;578;580;674;738;789;820;1009;1024;2077;2241;2503;2505;2833;4205;4287;4596;4838;4843;4843;5145;5156;5227;5355;
549;585;616;634;733;748;
11;169;175;257;580;597;803;832;3080;3098;
145;410;652;656;657;721;772;834;2970;
230;635;654;732;828;906;992;3011;
175;199;570;651;710;724;778;786;861;869;914;2697;2809;3124;4145;4587;5306;5574;
188;580;636;664;782;794;887;928;
287;298;597;605;670;678;735;747;797;804;873;1062;2407;3067;
280;608;614;614;779;792;872;950;954;
273;308;377;604;632;742;797;803;871;923;948;973;992;2356;4306;
210;210;231;573;606;747;768;809;825;909;1115;1199;3217;
197;268;729;772;777;855;920;938;1571;2449;
191;199;713;760;814;1263;1426;4211;
20;59;173;639;709;732;792;968;1692;
566;566;566;598;627;655;739;760;766;821;1122;1123;1389;1918;2508;2511;2918;2926;3042;3604;4714;5506;
274;305;444;871;923;942;942;942;942;943;943;944;949;1050;1120;1163;1211;1356;1572;1588;1691;1848;2104;2135;2322;2322;2326;2398;2398;2398;2856;4003;4664;4664;4744;4744;4762;5076;5148;5639;5639;
108;112;113;166;469;812;846;860;887;978;1212;1266;1325;1382;1398;1475;1639;1782;1782;2397;2846;4069;
12;184;184;185;185;186;243;244;245;245;246;274;395;615;616;674;678;824;825;922;972;972;972;972;1152;1187;1187;1188;1203;1440;1440;1717;1774;1909;1921;2380;2381;2382;3344;3438;3439;3439;3443;3443;3465;3495;4763;4792;
877;1140;
71;423;596;606;870;1183;1192;1315;1316;1324;1324;1324;1324;1620;5152;5371;5577;
228;283;453;881;1365;1814;1815;2230;2232;2542;2796;2799;3505;3508;5057;5058;5523;5526;
65;143;291;301;673;988;1538;1680;1681;1682;1682;1682;1683;
;
;
;
;
;
;
;
;
;
;
;
;
;
;
;
;
;
;
;
;
;
;
;
;
;
;
;
;
;
;
;
;
;
;
;
;
;
;
;
;
;
;
;
;
;
;
;
;
;
;
;
;
;
;
;
;
;
;
;
;
;
;
;
;
3104;3115;
1957;3591;3592;5352;5352;5359;5362;
;
2561;2562;2599;
;
3445;3650;3651;
397;2083;2224;
1896;2198;2214;
;
;
;
;
824;824;1351;4671;
3145;4250;
1227;3841;3846;3846;3847;3899;
;
;
3350;3387;3387;3389;
1891;1953;2675;2854;3213;4894;5215;
64;839;1653;1675;1684;5480;
89;462;4282;5381;5398;
1221;4547;
;
689;4921;
384;618;784;837;893;955;1175;1210;1891;2071;2071;2262;2598;2959;3098;3111;3336;3376;3411;3470;3825;4221;4630;4902;4955;5046;5178;5182;5404;5451;
31;499;616;747;778;927;1221;2027;2350;2976;3054;3445;
23;164;717;894;1271;1859;2275;2875;2878;2889;3417;3524;3528;3563;3873;4846;5217;5296;5299;
16;819;1349;2940;3450;
913;3251;3356;4276;4584;
5638;
48;998;998;1246;1246;1249;2725;2772;
57;598;643;4858;
190;305;1000;1181;1835;3048;
;
929;1343;3657;3923;4034;
106;242;664;672;1044;1054;1100;1223;1306;2107;2394;2859;2941;3047;3047;3208;3337;3429;3494;3599;3841;4034;4260;4579;4694;4844;5147;
281;550;577;644;728;791;825;838;915;961;1247;1804;1821;1851;1939;2129;2478;2797;2815;2906;2978;3017;3087;3129;3351;3372;3459;3512;3539;3831;4066;4452;4513;4625;4822;4832;4928;5108;5166;5305;
72;145;472;587;632;711;722;731;740;742;742;797;821;822;877;945;961;1317;1351;1637;1880;2093;2419;2907;2907;3084;3346;3346;3493;3510;3835;3842;3850;3851;3859;4094;4096;4152;4280;4560;4614;4741;4838;5180;5247;5289;5597;5598;
0;19;96;135;164;206;552;588;621;675;721;748;925;959;996;1036;1036;1113;1248;1373;1982;2101;2161;2444;2510;2779;2816;2995;2995;3097;3342;3405;3415;3450;3477;3897;3963;3963;4004;4144;4186;4600;4754;4846;4877;4923;5125;5160;5174;5299;5608;5623;
565;615;631;708;715;727;745;866;905;905;939;963;1958;1978;2020;2049;2838;2867;3374;3566;3618;3625;3788;3852;4051;4087;4258;4258;4287;4502;4546;4836;4842;5217;5240;5299;5301;
11;34;34;34;108;179;585;676;754;762;770;790;830;851;851;865;870;870;870;897;933;943;965;974;1016;1063;1223;1232;1283;1630;1694;1698;1698;1731;1736;1791;1882;1960;1961;1986;2079;2135;2146;2312;2312;2317;2417;2441;2821;2853;2882;3059;3059;3198;3328;3331;3339;3339;3347;3564;3879;3894;4101;4108;4115;4136;4207;4225;4232;4243;4436;4445;4476;4526;4579;4722;4769;4777;4806;4840;4881;5114;5140;5149;5210;5257;5268;5304;5553;
265;640;653;690;716;768;769;784;816;867;886;928;929;934;938;947;980;980;1288;1513;1883;1968;2029;2036;2085;2124;2503;2529;2541;2774;2822;2822;2822;2863;2882;2904;3126;3126;3360;3481;4103;4146;4171;4211;4242;4284;4454;4454;4558;4591;4728;4757;4804;4849;5156;5172;5249;5275;5305;5372;5570;
224;281;391;634;643;656;763;831;865;907;928;937;1021;1320;1530;1909;1911;2017;2052;2069;2136;2337;2756;2794;2928;3156;3356;3953;3956;4112;4152;4152;4202;4462;4508;4790;4790;4842;5120;5155;5256;5280;
190;599;654;659;759;765;772;795;913;996;1461;1717;1904;1948;2061;2105;2323;2431;2778;2786;2822;2836;2836;2895;2895;3320;3321;3822;4019;4135;4139;4199;4562;4568;4748;4871;4924;5052;5131;5164;5164;5180;5180;5180;5250;5276;5436;
143;150;201;499;626;677;678;679;764;801;807;818;822;922;993;1404;1489;1642;1911;2006;2032;2074;2816;2816;2856;2858;2867;2917;2931;3215;3369;3430;3563;3584;3785;3834;4084;4104;4121;4188;4370;4548;4725;4986;5203;5230;5565;
277;493;584;586;634;675;683;719;815;852;863;1418;1464;1492;1914;1919;2077;2839;2889;2921;2938;3179;3373;3447;3495;3522;3865;4024;4123;4128;4131;5262;5440;
2;205;211;213;240;712;719;742;747;820;830;831;834;953;969;1056;1424;1503;1506;1546;1670;1718;1822;2075;2122;2841;2867;2867;2988;3004;3068;3166;3197;3213;3402;3436;3484;3536;3849;4042;4178;5013;5092;
205;229;304;330;612;631;696;698;822;831;996;1208;1429;1491;1495;1553;1860;2099;2102;2177;2376;2858;2901;2928;2932;3017;3434;3465;3510;3522;3565;3840;4018;4130;4160;
111;202;516;618;650;652;704;789;826;852;860;865;1381;1406;1508;1938;2034;2884;2903;2988;3143;3453;3466;3478;3549;4129;4133;
606;673;680;689;782;787;787;884;889;948;1286;1287;1355;1487;2056;2129;2509;2833;2876;2930;2930;3143;3421;3441;3479;3534;3848;3855;4053;4087;4210;4240;4442;5307;5480;
99;628;670;675;677;784;795;837;875;918;1277;1344;1365;1381;2138;2438;2449;2852;2935;2943;3468;3501;3583;3762;3905;4046;4046;4124;4144;4214;5291;5291;
166;595;603;624;672;672;777;800;826;850;944;1098;1281;1365;1418;1418;1439;1458;2407;2426;2513;2582;2840;2853;2967;3070;3486;3532;3534;3540;3856;4043;4145;4242;4547;4687;4788;4823;4892;4966;5156;5156;5156;5218;
273;359;467;576;596;602;626;672;755;758;785;791;824;856;893;1069;1093;1210;1210;1259;1277;1305;1305;1439;2547;2655;2763;2763;2845;2845;2875;3685;3832;4058;4080;4174;4293;4406;4711;4802;4886;4980;5127;5137;5140;5509;5535;
239;252;253;766;794;799;1030;1157;1161;1309;1368;1369;1369;2185;2363;2475;2532;2617;2745;2948;4091;4211;4446;4446;4716;4735;4760;4902;4939;5124;5130;5214;5214;5318;5318;5448;5527;
50;263;306;508;539;744;802;836;848;1081;1155;1183;1200;1299;1312;1417;1417;1479;2033;2395;2428;2511;2559;3099;3546;4742;4758;4761;4827;5027;5135;5507;
14;251;255;606;608;768;793;836;842;845;850;1127;1200;1266;1296;2633;2954;4130;4802;4804;4847;5151;5201;5475;5496;
240;266;266;266;330;330;347;347;368;477;532;532;569;627;835;863;890;987;1031;1106;1152;1225;1272;1392;1445;1860;2423;2447;2479;2488;3625;4711;4823;5221;5251;
139;168;168;315;393;691;770;882;1369;1477;1527;1575;1801;1875;2057;2540;2871;4204;4722;4904;
1626;1628;1804;
54;55;197;229;439;735;888;889;889;973;973;974;974;1149;1287;1458;1586;1690;1934;3155;3170;4214;4381;
34;513;695;738;840;851;1417;1503;1504;1785;1786;2433;2444;2486;2583;2583;2756;2953;2954;2970;2981;3180;3925;3973;4975;5050;
758;758;758;758;758;811;823;1074;1130;1266;1274;1336;1368;1391;1392;1443;1443;1474;1475;2274;2276;2508;2694;4825;4944;
83;148;149;295;330;740;741;741;758;980;1067;1068;1069;1069;1123;2487;2487;2488;2634;2691;2691;2692;2692;2692;2693;2739;2740;2742;2755;2756;2796;3009;3028;
61;250;879;891;892;899;908;908;1010;1061;1061;1061;1092;1093;1094;1095;1096;1096;1276;1289;2078;2165;2274;2441;2441;2441;2503;2504;4794;4794;4796;4796;4796;4796;
;
;
;
;
;
;
;
;
;
;
;
;
;
;
;
;
;
;
;
;
;
;
;
;
;
;
;
;
;
;
;
;
;
;
;
;
;
;
;
;
;
;
;
;
;
;
;
;
;
;
;
;
;
;
;
;
;
;
;
;
;
;
;
;
